country,year,gdp
United Arab Emirates,2017,704732266496
United Arab Emirates,2018,713991258112
United Arab Emirates,2019,721905123328
United Arab Emirates,2022,772207411200
United Arab Emirates,2023,798492196864
Afghanistan,2007,71506411520
Afghanistan,2008,70340698112
Afghanistan,2011,87721918464
Afghanistan,2012,96194863104
Afghanistan,2013,102418915328
Afghanistan,2014,105464455168
Afghanistan,2017,107667087360
Afghanistan,2020,119856381952
Afghanistan,2021,99901177856
Albania,2002,25470328832
Albania,2005,29928144896
Albania,2007,33590992896
Albania,2008,36110340096
Albania,2009,37321584640
Albania,2010,38705111040
Albania,2011,39690330112
Albania,2012,40252776448
Albania,2013,40656109568
Albania,2014,41377599488
Albania,2015,42295664640
Albania,2016,43697774592
Albania,2017,45359222784
Albania,2018,47182352384
Albania,2019,48167350272
Albania,2020,46490296320
Albania,2021,50726117376
Albania,2022,53189636096
Albania,2023,54943100928
Armenia,2007,37563187200
Armenia,2008,40172978176
Armenia,2009,34488500224
Armenia,2010,35252432896
Armenia,2012,39535333376
Armenia,2013,40823361536
Armenia,2014,42310139904
Armenia,2015,43679158272
Armenia,2016,43754237952
Armenia,2017,47048515584
Armenia,2018,49496240128
Armenia,2019,53273010176
Armenia,2020,49459249152
Armenia,2021,52326080512
Armenia,2022,58932150272
Angola,2000,106627555328
Angola,2009,236280397824
Angola,2019,294573801472
Angola,2021,281300467712
Angola,2022,289739833344
Argentina,1980,680326660096
Argentina,1982,623132934144
Argentina,1987,676430807040
Argentina,1988,663222222848
Argentina,1991,672336510976
Argentina,1992,741615599616
Argentina,1993,787980550144
Argentina,1994,833968799744
Argentina,1995,810241359872
Argentina,1996,855018504192
Argentina,1997,924372041728
Argentina,1998,959961694208
Argentina,1999,927460818944
Argentina,2000,920143200256
Argentina,2001,879577399296
Argentina,2002,783752036352
Argentina,2003,853011726336
Argentina,2004,930034679808
Argentina,2005,1012358381568
Argentina,2006,1093823299584
Argentina,2008,1240729387008
Argentina,2009,1167297216512
Argentina,2010,1285492310016
Argentina,2011,1362669469696
Argentina,2012,1348683300864
Argentina,2013,1381124800512
Argentina,2014,1346419032064
Argentina,2017,1392591765504
Argentina,2018,1356146016256
Argentina,2019,1329010442240
Argentina,2020,1197429227520
Argentina,2021,1325772308480
Argentina,2022,1391479226368
Argentina,2023,1369645121536
Austria,1995,420087496704
Austria,1996,429957513216
Austria,1997,438958948352
Austria,1998,454679724032
Austria,1999,470849781760
Austria,2000,486743900160
Austria,2001,492912541696
Austria,2002,501052997632
Austria,2003,505770409984
Austria,2004,519603847168
Austria,2005,531263520768
Austria,2006,549613469696
Austria,2007,570099892224
Austria,2008,578425585664
Austria,2009,556650921984
Austria,2010,566877487104
Austria,2011,583445577728
Austria,2012,587416272896
Austria,2013,587565891584
Austria,2014,591450996736
Austria,2015,597451210752
Austria,2016,609337212928
Austria,2017,623099248640
Austria,2018,638212440064
Austria,2019,647469596672
Austria,2020,604522348544
Austria,2021,630141812736
Austria,2022,660429012992
Australia,1985,589596327936
Australia,1989,689271472128
Australia,2001,1011492651008
Australia,2002,1047111139328
Australia,2003,1085613735936
Australia,2004,1125502550016
Australia,2005,1158776487936
Australia,2006,1196816859136
Australia,2007,1240767922176
Australia,2008,1274358530048
Australia,2009,1300412235776
Australia,2010,1330958565376
Australia,2011,1372928212992
Australia,2012,1417286647808
Australia,2013,1454379368448
Australia,2014,1489127342080
Australia,2015,1526243393536
Australia,2016,1565492641792
Australia,2017,1606327074816
Australia,2018,1647188770816
Australia,2020,1676864389120
Azerbaijan,2015,221842653184
Bosnia and Herzegovina,2001,37523292160
Bosnia and Herzegovina,2006,47667249152
Bosnia and Herzegovina,2007,50460184576
Bosnia and Herzegovina,2008,53206073344
Bosnia and Herzegovina,2009,51607572480
Bosnia and Herzegovina,2010,52054315008
Bosnia and Herzegovina,2011,52553822208
Bosnia and Herzegovina,2012,52121870336
Bosnia and Herzegovina,2013,53346713600
Bosnia and Herzegovina,2014,53962166272
Bosnia and Herzegovina,2015,56290471936
Bosnia and Herzegovina,2016,58115661824
Bosnia and Herzegovina,2017,60001062912
Bosnia and Herzegovina,2018,62298365952
Bosnia and Herzegovina,2019,64096325632
Bosnia and Herzegovina,2020,62163648512
Bosnia and Herzegovina,2021,66758668288
Bosnia and Herzegovina,2022,69499912192
Bosnia and Herzegovina,2023,70750601216
Bangladesh,1999,331289559040
Bangladesh,2005,460109217792
Bangladesh,2010,668361949184
Bangladesh,2013,846221869056
Bangladesh,2015,996950867968
Bangladesh,2016,1073802444800
Bangladesh,2022,1574341967872
Belgium,1983,385473249280
Belgium,1984,394980392960
Belgium,1985,401505026048
Belgium,1986,408823234560
Belgium,1987,418253176832
Belgium,1988,438008676352
Belgium,1989,453204115456
Belgium,1990,467422216192
Belgium,1991,475990917120
Belgium,1992,483276619776
Belgium,1993,478627758080
Belgium,1994,494073675776
Belgium,1995,505812385792
Belgium,1996,512496664576
Belgium,1997,531939196928
Belgium,1998,542374559744
Belgium,1999,561590239232
Belgium,2000,582462603264
Belgium,2001,588866781184
Belgium,2002,598918037504
Belgium,2003,605135699968
Belgium,2004,626745147392
Belgium,2005,641297022976
Belgium,2006,657665359872
Belgium,2007,681847291904
Belgium,2008,684894060544
Belgium,2009,671054168064
Belgium,2010,690274631680
Belgium,2011,701972086784
Belgium,2012,707161489408
Belgium,2013,710408601600
Belgium,2014,721622597632
Belgium,2015,736355024896
Belgium,2016,745681321984
Belgium,2017,757759213568
Belgium,2018,771345088512
Belgium,2019,788628701184
Belgium,2020,747140677632
Belgium,2021,798327242752
Belgium,2022,822356738048
Burkina Faso,2014,43009400832
Burkina Faso,2022,62507520000
Bulgaria,2000,114814550016
Bulgaria,2001,119204913152
Bulgaria,2002,126204329984
Bulgaria,2003,132813783040
Bulgaria,2004,141460684800
Bulgaria,2005,151442669568
Bulgaria,2006,161744551936
Bulgaria,2007,172507938816
Bulgaria,2008,183081697280
Bulgaria,2009,176953884672
Bulgaria,2010,179705774080
Bulgaria,2011,183462035456
Bulgaria,2012,184835784704
Bulgaria,2013,183832723456
Bulgaria,2014,185578143744
Bulgaria,2015,191883247616
Bulgaria,2016,197690802176
Bulgaria,2017,203119165440
Bulgaria,2018,208593305600
Bulgaria,2019,217010110464
Bulgaria,2020,208403431424
Bulgaria,2021,224370507776
Bulgaria,2022,233180512256
Burundi,2014,11083001856
Burundi,2020,13053382656
Benin,2011,30593490944
Benin,2019,46327341056
Benin,2022,54776438784
Brunei Darussalam,2014,38519037952
Brunei Darussalam,2017,37914333184
Brunei Darussalam,2018,37934227456
Brunei Darussalam,2019,39401836544
Brunei Darussalam,2020,39848456192
Brunei Darussalam,2021,39214538752
Brunei Darussalam,2022,38576009216
Brunei Darussalam,2023,39119859712
Bolivia,1989,38740733952
Bolivia,1991,42671583232
Bolivia,1992,43374080000
Bolivia,1993,45225869312
Bolivia,1994,47336673280
Bolivia,1999,57247346688
Bolivia,2000,58682998784
Bolivia,2001,59670999040
Bolivia,2002,61154136064
Bolivia,2004,65433718784
Bolivia,2005,68326809600
Bolivia,2006,71604445184
Bolivia,2007,74872684544
Bolivia,2008,79476203520
Bolivia,2009,82144157696
Bolivia,2011,89985368064
Bolivia,2012,94594695168
Bolivia,2013,101023342592
Bolivia,2014,106539728896
Bolivia,2015,111714549760
Bolivia,2016,116478025728
Bolivia,2017,121364504576
Bolivia,2018,126490468352
Bolivia,2019,129294393344
Bolivia,2020,117997010944
Bolivia,2021,125207953408
Brazil,1981,1706413654016
Brazil,1982,1720577032192
Brazil,1983,1670164905984
Brazil,1984,1760350830592
Brazil,1985,1898523525120
Brazil,1986,2040724717568
Brazil,1987,2112759267328
Brazil,1988,2111492325376
Brazil,1989,2178212954112
Brazil,1990,2083462578176
Brazil,1992,2085215535104
Brazil,1993,2186062462976
Brazil,1995,2411728732160
Brazil,1996,2463586844672
Brazil,1997,2546749145088
Brazil,1998,2547648299008
Brazil,1999,2554119061504
Brazil,2001,2701126533120
Brazil,2002,2783613026304
Brazil,2003,2815372820480
Brazil,2004,2977530904576
Brazil,2005,3072885784576
Brazil,2006,3194625458176
Brazil,2007,3388540452864
Brazil,2008,3561158082560
Brazil,2009,3556678041600
Brazil,2011,3976427732992
Brazil,2012,4052814921728
Brazil,2013,4174603354112
Brazil,2014,4195637264384
Brazil,2015,4046866874368
Brazil,2016,3914293575680
Brazil,2017,3966073831424
Brazil,2018,4036822040576
Brazil,2019,4086105112576
Brazil,2020,3952209297408
Brazil,2022,4269739606016
Bhutan,2003,4114743296
Bhutan,2007,5757864448
Bhutan,2018,11678237696
Bhutan,2019,12350336000
Bhutan,2020,11088330752
Bhutan,2021,11578592256
Bhutan,2022,12182286336
Botswana,1996,20601823232
Botswana,2006,31758542848
Botswana,2009,29784098816
Botswana,2015,39087300608
Botswana,2019,46832193536
Botswana,2020,42745368576
Botswana,2021,47817764864
Botswana,2022,50582724608
Botswana,2023,52224184320
Belarus,2016,260992188416
Belarus,2017,267634360320
Belarus,2018,276064665600
Belarus,2019,280058232832
Belarus,2020,278191669248
Belarus,2021,284962684928
Belarus,2022,271449014272
Belarus,2023,281985679360
Belize,1993,2232624384
Belize,1994,2232177664
Belize,1996,2273359360
Belize,1997,2369631232
Belize,1998,2461878016
Belize,1999,2693867264
Belize,2013,4544585728
Belize,2014,4726665728
Belize,2015,4879068672
Belize,2016,4878529536
Belize,2017,4790060032
Belize,2018,4840625664
Belize,2019,5045686272
Canada,1976,831380914176
Canada,1977,859964375040
Canada,1978,891641135104
Canada,1979,924732293120
Canada,1980,944664018944
Canada,1981,977483268096
Canada,1982,946329485312
Canada,1983,970946445312
Canada,1984,1028314693632
Canada,1985,1077028782080
Canada,1986,1100130680832
Canada,1987,1144940003328
Canada,1988,1195432607744
Canada,1989,1223129563136
Canada,1990,1225144926208
Canada,1991,1199587721216
Canada,1992,1210386350080
Canada,1993,1242592837632
Canada,1994,1298439602176
Canada,1995,1333419835392
Canada,1996,1355011194880
Canada,1997,1413006622720
Canada,1998,1468059353088
Canada,1999,1543851999232
Canada,2000,1623787307008
Canada,2001,1652852129792
Canada,2002,1702736691200
Canada,2003,1733411209216
Canada,2004,1786923581440
Canada,2005,1844181073920
Canada,2006,1892761206784
Canada,2007,1931974148096
Canada,2008,1951379226624
Canada,2009,1894280069120
Canada,2010,1952814202880
Canada,2011,2014248960000
Canada,2012,2049721761792
Canada,2013,2097462771712
Canada,2014,2157657980928
Canada,2015,2171883880448
Canada,2016,2193631739904
Canada,2017,2260314882048
Canada,2018,2323085000704
Canada,2019,2366951915520
Canada,2020,2246840680448
Canada,2021,2359449092096
Canada,2022,2440567193600
Canada,2023,2466587344896
DR Congo,2005,57188974592
DR Congo,2012,85720416256
DR Congo,2020,129912414208
Central African Republic,2008,6861712896
Republic of the Congo,2005,31952977920
Republic of the Congo,2011,42966241280
Switzerland,1991,476806152192
Switzerland,1992,476597387264
Switzerland,1993,475997011968
Switzerland,1994,482040610816
Switzerland,1995,484358750208
Switzerland,1996,486641369088
Switzerland,1997,497646108672
Switzerland,1998,512724992000
Switzerland,1999,521250045952
Switzerland,2000,541885071360
Switzerland,2001,550422839296
Switzerland,2002,550019465216
Switzerland,2003,549841993728
Switzerland,2004,564696383488
Switzerland,2005,580223762432
Switzerland,2006,603860959232
Switzerland,2007,627510280192
Switzerland,2008,645130485760
Switzerland,2009,630309453824
Switzerland,2010,650753015808
Switzerland,2011,662551134208
Switzerland,2012,670364991488
Switzerland,2013,682378526720
Switzerland,2014,698413416448
Switzerland,2015,709900238848
Switzerland,2016,724585807872
Switzerland,2017,734459723776
Switzerland,2018,755469451264
Switzerland,2019,764096348160
Switzerland,2020,747732008960
Switzerland,2021,788048183296
Switzerland,2022,808287993856
Cote d'Ivoire,2002,65532817408
Cote d'Ivoire,2012,92119597056
Cote d'Ivoire,2019,180139622400
Cote d'Ivoire,2022,209319411712
Chile,1990,165755961344
Chile,1992,200940355584
Chile,1994,227249668096
Chile,1996,270038155264
Chile,1998,297177120768
Chile,2000,308154826752
Chile,2006,408073371648
Chile,2009,436267581440
Chile,2010,461766557696
Chile,2011,489984229376
Chile,2012,516044488704
Chile,2013,536919277568
Chile,2014,546404761600
Chile,2015,558991278080
Chile,2016,568556453888
Chile,2018,596657438720
Chile,2019,601090555904
Chile,2020,564152369152
Chile,2021,630370205696
Chile,2022,645753602048
Chile,2023,647168524288
Cameroon,2005,79891849216
Cameroon,2010,93929881600
Cameroon,2014,112772734976
China,2013,19450296270848
China,2018,27219806126080
Colombia,2000,477459349504
Colombia,2001,485470830592
Colombia,2003,517123670016
Colombia,2004,544702169088
Colombia,2007,649661251584
Colombia,2008,670990663680
Colombia,2009,678637928448
Colombia,2010,709141856256
Colombia,2011,758411165696
Colombia,2012,788086390784
Colombia,2013,828546351104
Colombia,2014,865821392896
Colombia,2015,891414970368
Colombia,2016,910023131136
Colombia,2017,922393182208
Colombia,2018,946044207104
Colombia,2019,976193454080
Colombia,2020,905397862400
Colombia,2021,1005140246528
Colombia,2022,1078076833792
Costa Rica,1984,30345578496
Costa Rica,1989,36933214208
Costa Rica,1990,38245134336
Costa Rica,1991,39110332416
Costa Rica,1992,42708893696
Costa Rica,1993,45740052480
Costa Rica,1994,47807041536
Costa Rica,1995,49792901120
Costa Rica,1996,50465390592
Costa Rica,1997,53228900352
Costa Rica,1998,57037664256
Costa Rica,1999,59441721344
Costa Rica,2000,61741277184
Costa Rica,2001,63896793088
Costa Rica,2002,66080034816
Costa Rica,2003,68932796416
Costa Rica,2004,71982882816
Costa Rica,2005,74845364224
Costa Rica,2006,80329138176
Costa Rica,2007,86928236544
Costa Rica,2008,91047108608
Costa Rica,2009,90251853824
Costa Rica,2010,95089614848
Costa Rica,2011,99276472320
Costa Rica,2012,104123785216
Costa Rica,2013,106721386496
Costa Rica,2014,110501617664
Costa Rica,2015,114537209856
Costa Rica,2016,119352680448
Costa Rica,2017,124315041792
Costa Rica,2018,127567167488
Costa Rica,2019,130651004928
Costa Rica,2020,125067886592
Costa Rica,2021,134799204352
Costa Rica,2022,140602261504
Costa Rica,2023,147789463552
Cabo Verde,2007,3710983424
Cabo Verde,2009,3912480000
Cabo Verde,2015,4281074176
Cyprus,2000,28315482112
Cyprus,2001,29434683392
Cyprus,2002,30530392064
Cyprus,2003,31331340288
Cyprus,2004,32906203136
Cyprus,2005,34503118848
Cyprus,2006,36129574912
Cyprus,2007,37971316736
Cyprus,2008,39356211200
Cyprus,2009,38562959360
Cyprus,2010,39443570688
Cyprus,2011,39607984128
Cyprus,2012,38242484224
Cyprus,2013,35723407360
Cyprus,2014,35088793600
Cyprus,2015,36288495616
Cyprus,2016,38674010112
Cyprus,2017,40891334656
Cyprus,2018,43200827392
Cyprus,2019,45592875008
Cyprus,2020,44046868480
Cyprus,2021,48412561408
Cyprus,2022,50861318144
Czech Republic,1993,281057198080
Czech Republic,1994,291497115648
Czech Republic,1995,309833859072
Czech Republic,1996,322761195520
Czech Republic,1997,320550502400
Czech Republic,1998,318740398080
Czech Republic,1999,323471147008
Czech Republic,2000,336941481984
Czech Republic,2001,347451523072
Czech Republic,2002,353066680320
Czech Republic,2003,366454833152
Czech Republic,2004,384237764608
Czech Republic,2005,409573163008
Czech Republic,2006,436996472832
Czech Republic,2007,461370163200
Czech Republic,2008,473698500608
Czech Republic,2009,451404333056
Czech Republic,2010,462513569792
Czech Republic,2011,470459842560
Czech Republic,2012,466724683776
Czech Republic,2013,466201542656
Czech Republic,2014,477205626880
Czech Republic,2015,502873128960
Czech Republic,2016,515632168960
Czech Republic,2017,542284021760
Czech Republic,2018,559746121728
Czech Republic,2019,576705527808
Czech Republic,2020,544969588736
Czech Republic,2021,564332396544
Czech Republic,2022,577604354048
Czech Republic,2023,575261507584
Germany,1983,3031215112192
Germany,1984,3116788350976
Germany,1985,3189344305152
Germany,1986,3262294523904
Germany,1987,3308035244032
Germany,1988,3430672236544
Germany,1989,3564355190784
Germany,1990,3751663370240
Germany,1991,3943305576448
Germany,1992,4019140165632
Germany,1993,3979876761600
Germany,1994,4075073044480
Germany,1995,4137998876672
Germany,1996,4171336515584
Germany,1997,4246094479360
Germany,1998,4331608735744
Germany,1999,4413362012160
Germany,2000,4541894885376
Germany,2001,4618270539776
Germany,2002,4609126957056
Germany,2003,4576862797824
Germany,2004,4630636396544
Germany,2005,4664525324288
Germany,2006,4842537353216
Germany,2007,4986678280192
Germany,2008,5034539483136
Germany,2009,4747886592000
Germany,2010,4946343231488
Germany,2011,5140490223616
Germany,2012,5162007003136
Germany,2013,5184593330176
Germany,2014,5299157073920
Germany,2015,5378213937152
Germany,2016,5498135379968
Germany,2017,5645508018176
Germany,2018,5700899569664
Germany,2019,5762216624128
Germany,2020,5541713149952
Germany,2021,5717048164352
Germany,2022,5820296200192
Djibouti,2012,4677291520
Denmark,1984,236824395776
Denmark,1985,246306455552
Denmark,1986,258385625088
Denmark,1987,259042525184
Denmark,1988,259007201280
Denmark,1989,260678500352
Denmark,1990,264524267520
Denmark,1991,268210683904
Denmark,1992,273459658752
Denmark,1993,273488969728
Denmark,1994,288072302592
Denmark,1995,296794292224
Denmark,1996,305401200640
Denmark,1997,315360346112
Denmark,1998,322355593216
Denmark,1999,331858673664
Denmark,2000,344292818944
Denmark,2001,347126693888
Denmark,2002,348745891840
Denmark,2003,350106189824
Denmark,2004,359447855104
Denmark,2005,367846359040
Denmark,2006,382240325632
Denmark,2007,385715765248
Denmark,2008,383740706816
Denmark,2009,364912771072
Denmark,2010,371739885568
Denmark,2011,376709545984
Denmark,2012,377562431488
Denmark,2013,381086597120
Denmark,2014,387258089472
Denmark,2015,396329943040
Denmark,2016,409194790912
Denmark,2017,420740628480
Denmark,2018,429111443456
Denmark,2019,435519946752
Denmark,2020,424961376256
Denmark,2021,454047531008
Denmark,2022,466448416768
Dominican Republic,1996,77062856704
Dominican Republic,1997,83231154176
Dominican Republic,2000,100423868416
Dominican Republic,2001,102240796672
Dominican Republic,2002,108158533632
Dominican Republic,2003,107884453888
Dominican Republic,2004,109299908608
Dominican Republic,2005,119424270336
Dominican Republic,2006,132168048640
Dominican Republic,2007,143368929280
Dominican Republic,2008,147970310144
Dominican Republic,2009,149370257408
Dominican Republic,2010,161827389440
Dominican Republic,2011,166897942528
Dominican Republic,2012,171433279488
Dominican Republic,2013,179791052800
Dominican Republic,2014,192467222528
Dominican Republic,2015,205799407616
Dominican Republic,2016,219504066560
Dominican Republic,2017,229747343360
Dominican Republic,2018,245789540352
Dominican Republic,2019,258207350784
Dominican Republic,2020,240855498752
Dominican Republic,2021,270412939264
Dominican Republic,2022,283550547968
Dominican Republic,2023,290379563008
Ecuador,1994,132803182592
Ecuador,1997,144125116416
Ecuador,1999,141779075072
Ecuador,2000,143327264768
Ecuador,2001,149082554368
Ecuador,2003,159415943168
Ecuador,2004,172505464832
Ecuador,2005,181633155072
Ecuador,2006,189631627264
Ecuador,2007,193784463360
Ecuador,2008,206103543808
Ecuador,2009,207271378944
Ecuador,2010,214578348032
Ecuador,2011,231461371904
Ecuador,2012,244520681472
Ecuador,2013,256615956480
Ecuador,2014,266338779136
Ecuador,2015,266601807872
Ecuador,2016,263332298752
Ecuador,2017,269568983040
Ecuador,2018,273044570112
Ecuador,2019,273077813248
Ecuador,2020,251811381248
Ecuador,2021,262476136448
Ecuador,2022,270213234688
Ecuador,2023,276386807808
Estonia,1997,28007989248
Estonia,1998,29223497728
Estonia,1999,29099298816
Estonia,2000,32034697216
Estonia,2001,33957963776
Estonia,2002,36257374208
Estonia,2003,39013060608
Estonia,2004,41667538944
Estonia,2005,45636927488
Estonia,2006,50093617152
Estonia,2007,53890310144
Estonia,2008,51124703232
Estonia,2009,43645599744
Estonia,2010,44712382464
Estonia,2011,47959928832
Estonia,2012,49508163584
Estonia,2013,50230239232
Estonia,2014,51742760960
Estonia,2015,52701638656
Estonia,2016,54364618752
Estonia,2017,57513459712
Estonia,2018,59689951232
Estonia,2019,61922136064
Estonia,2020,61580922880
Estonia,2021,66515738624
Estonia,2022,65659379712
Egypt,2008,1207820484608
Egypt,2009,1267196100608
Egypt,2010,1309499457536
Egypt,2011,1336318099456
Egypt,2012,1365072412672
Egypt,2013,1400383340544
Egypt,2015,1514651123712
Egypt,2016,1581514489856
Egypt,2017,1657444499456
Egypt,2018,1746232410112
Egypt,2019,1823277580288
Egypt,2020,1937830182912
Egypt,2021,2087488585728
Egypt,2022,2225010376704
Egypt,2023,2308675469312
Spain,1986,1120351813632
Spain,1987,1182500519936
Spain,1988,1242739507200
Spain,1989,1302725656576
Spain,1990,1351988150272
Spain,1991,1386409623552
Spain,1992,1399293083648
Spain,1993,1384859041792
Spain,1994,1417862971392
Spain,1995,1456961224704
Spain,1996,1495722622976
Spain,1997,1551101591552
Spain,1998,1619244744704
Spain,1999,1691956805632
Spain,2000,1780715749376
Spain,2001,1850753810432
Spain,2002,1901295042560
Spain,2003,1957990105088
Spain,2004,2019135062016
Spain,2005,2092875251712
Spain,2006,2178736848896
Spain,2007,2257274273792
Spain,2008,2277301026816
Spain,2009,2191599861760
Spain,2010,2195172753408
Spain,2011,2177294139392
Spain,2012,2112872382464
Spain,2013,2083221405696
Spain,2014,2112298287104
Spain,2015,2193377198080
Spain,2016,2260008960000
Spain,2017,2327262789632
Spain,2018,2380426379264
Spain,2019,2427653980160
Spain,2020,2156550553600
Spain,2021,2294638182400
Spain,2022,2427053146112
Ethiopia,1999,68869259264
Ethiopia,2005,102238846976
Ethiopia,2013,232266645504
Ethiopia,2021,422657425408
Finland,1995,211720028160
Finland,1996,219484225536
Finland,1997,233385639936
Finland,1998,246122070016
Finland,1999,256901283840
Finland,2000,271732604928
Finland,2001,278825041920
Finland,2002,283585314816
Finland,2003,289267515392
Finland,2004,300815122432
Finland,2005,309177778176
Finland,2006,321629388800
Finland,2007,338673893376
Finland,2008,341328953344
Finland,2009,313768181760
Finland,2010,323765174272
Finland,2011,332013436928
Finland,2012,327373422592
Finland,2013,324421353472
Finland,2014,323237773312
Finland,2015,324994859008
Finland,2016,334131986432
Finland,2017,344799084544
Finland,2018,348728590336
Finland,2019,352999505920
Finland,2020,344686657536
Finland,2021,355616292864
Finland,2022,361312616448
France,1968,1259272798208
France,1969,1348800479232
France,1970,1431195222016
France,1971,1507287891968
France,1972,1575285686272
France,1973,1675230969856
France,1974,1747282952192
France,1975,1730509799424
France,1976,1805903462400
France,1977,1868465831936
France,1978,1942806200320
France,1979,2011774976000
France,1980,2043535949824
France,1981,2065381588992
France,1982,2117128028160
France,1983,2143397085184
France,1984,2175841992704
France,1985,2211151872000
France,1986,2262834610176
France,1987,2320802775040
France,1988,2430883069952
France,1989,2536476770304
France,1990,2610641764352
France,1991,2638006452224
France,1992,2680198266880
France,1993,2663348174848
France,1994,2726159450112
France,1995,2783588909056
France,1996,2822924664832
France,1997,2888873803776
France,1998,2992547299328
France,1999,3094931832832
France,2000,3216366895104
France,2001,3280173006848
France,2002,3317414494208
France,2003,3344722034688
France,2004,3439375417344
France,2005,3496577597440
France,2006,3582221877248
France,2007,3669078310912
France,2008,3678432657408
France,2009,3572740653056
France,2010,3642390216704
France,2011,3722254221312
France,2012,3733912551424
France,2013,3755429068800
France,2014,3791338602496
France,2015,3833535922176
France,2016,3875525885952
France,2017,3964333981696
France,2018,4038273531904
France,2019,4112693067776
France,2020,3802578812928
France,2021,4047283421184
France,2022,4146633900032
Gabon,2005,34559172608
Gabon,2017,48655781888
UK,1983,1817025183744
UK,1984,1858252570624
UK,1985,1935324086272
UK,1986,1996293668864
UK,1987,2103945854976
UK,1988,2224555032576
UK,1989,2281894313984
UK,1990,2298637713408
UK,1991,2273282359296
UK,1992,2282398941184
UK,1993,2339227828224
UK,1994,2429193814016
UK,1995,2446625865728
UK,1996,2509798637568
UK,1997,2633407660032
UK,1998,2723317547008
UK,1999,2806818799616
UK,2000,2928040476672
UK,2001,3003544764416
UK,2002,3057369481216
UK,2003,3153571086336
UK,2004,3230092754944
UK,2005,3318558228480
UK,2006,3397746425856
UK,2007,3486780751872
UK,2008,3478908829696
UK,2009,3318360571904
UK,2010,3392647987200
UK,2011,3431495630848
UK,2012,3483411939328
UK,2013,3545849659392
UK,2014,3659162714112
UK,2015,3740411101184
UK,2016,3812260577280
UK,2017,3913479618560
UK,2018,3968422379520
UK,2019,4033563328512
Grenada,2018,2178788864
Grenada,2019,2193529600
Grenada,2020,1891801088
Grenada,2021,1980486016
Grenada,2023,2152893696
Georgia,1999,26366181376
Georgia,2000,26850871296
Georgia,2001,28141189120
Georgia,2008,48217395200
Georgia,2009,46457368576
Georgia,2011,52993986560
Georgia,2012,56394481664
Georgia,2013,58433478656
Georgia,2017,67836792832
Georgia,2018,71121846272
Georgia,2019,74665459712
Georgia,2020,69617762304
Georgia,2021,76903620608
Georgia,2022,84677607424
Ghana,1987,41411805184
Ghana,1989,45967200256
Ghana,1991,50006155264
Ghana,2006,97959034880
Ghana,2017,199540867072
Gambia,2012,5836531200
Gambia,2018,7058699264
Guinea,1994,16774767616
Guinea,2007,27054215168
Guinea,2012,32659421184
Greece,1971,196655792128
Greece,1981,281410699264
Greece,1983,275222888448
Greece,1984,280756649984
Greece,1985,287802458112
Greece,1986,289291698176
Greece,1987,282757431296
Greece,1988,294881591296
Greece,1989,306087264256
Greece,1990,306087264256
Greece,1991,315575304192
Greece,1992,317785374720
Greece,1993,312699944960
Greece,1994,318954340352
Greece,1995,325405245440
Greece,1996,334717452288
Greece,1997,349728014336
Greece,1998,363348983808
Greece,1999,374512713728
Greece,2000,389193269248
Greece,2001,405273182208
Greece,2002,421171560448
Greece,2003,445576904704
Greece,2004,468127973376
Greece,2005,470932815872
Greece,2006,497551278080
Greece,2007,513839955968
Greece,2008,512116948992
Greece,2009,490093510656
Greece,2010,463241871360
Greece,2011,416225820672
Greece,2012,386730590208
Greece,2013,377000394752
Greece,2014,378793656320
Greece,2015,378050248704
Greece,2016,376208785408
Greece,2017,380317564928
Greece,2018,386663481344
Greece,2019,393930440704
Greece,2020,357229625344
Greece,2021,387165323264
Greece,2022,408680890368
Guatemala,1989,73434275840
Guatemala,2000,113327734784
Guatemala,2002,120454414336
Guatemala,2003,123502747648
Guatemala,2004,127395692544
Guatemala,2006,138625679360
Guatemala,2010,157391388672
Guatemala,2011,163942088704
Guatemala,2012,168811053056
Guatemala,2013,175052587008
Guatemala,2014,182831857664
Guatemala,2015,190313676800
Guatemala,2016,195410100224
Guatemala,2017,201428189184
Guatemala,2018,208290889728
Guatemala,2019,216659607552
Guatemala,2021,229804933120
Guinea-Bissau,2018,4238704128
Guinea-Bissau,2019,4429438976
Guinea-Bissau,2022,4984530944
Guyana,2018,11399014400
Guyana,2019,12009197568
Honduras,1991,25263663104
Honduras,1992,26684540928
Honduras,1993,28346980352
Honduras,1994,27977566208
Honduras,1995,29119000576
Honduras,1996,30161004544
Honduras,1997,31667202048
Honduras,1998,32586055680
Honduras,1999,31970279424
Honduras,2001,34728697856
Honduras,2002,36032516096
Honduras,2003,37670924288
Honduras,2004,40018694144
Honduras,2005,42440151040
Honduras,2006,45227184128
Honduras,2007,48025960448
Honduras,2008,50058391552
Honduras,2009,48841027584
Honduras,2010,50663432192
Honduras,2011,52606554112
Honduras,2012,54778585088
Honduras,2013,56307679232
Honduras,2014,58029903872
Honduras,2015,60257968128
Honduras,2016,62603988992
Honduras,2017,65635643392
Honduras,2018,68159496192
Honduras,2019,69967929344
Honduras,2020,63695347712
Honduras,2021,71679074304
Honduras,2022,74544709632
Honduras,2023,77153738752
Croatia,2002,114294546432
Croatia,2003,120694808576
Croatia,2004,125739704320
Croatia,2005,131155984384
Croatia,2006,137814392832
Croatia,2007,144808886272
Croatia,2008,147721764864
Croatia,2009,137059024896
Croatia,2010,135355457536
Croatia,2011,135243194368
Croatia,2012,132078551040
Croatia,2013,131554459648
Croatia,2014,130994601984
Croatia,2015,134299164672
Croatia,2016,139083104256
Croatia,2017,143811395584
Croatia,2018,147867222016
Croatia,2019,152894439424
Croatia,2020,139758682112
Croatia,2021,159024332800
Croatia,2022,169117696000
Haiti,2001,30921310208
Haiti,2007,35605831680
Haiti,2012,40021127168
Hungary,1991,217525665792
Hungary,1994,215824072704
Hungary,1996,219227504640
Hungary,1997,226118287360
Hungary,1998,234936745984
Hungary,1999,242151718912
Hungary,2000,252998107136
Hungary,2001,263305428992
Hungary,2002,275789807616
Hungary,2003,287026085888
Hungary,2004,301390266368
Hungary,2005,314332839936
Hungary,2006,326737133568
Hungary,2007,327643430912
Hungary,2008,330932453376
Hungary,2009,309098151936
Hungary,2010,312424660992
Hungary,2011,318257037312
Hungary,2012,314278051840
Hungary,2013,319942819840
Hungary,2014,333483606016
Hungary,2015,345846972416
Hungary,2016,353459634176
Hungary,2017,368558637056
Hungary,2018,388322033664
Hungary,2019,407211507712
Hungary,2020,388742021120
Hungary,2021,416287227904
Hungary,2022,435247120384
Indonesia,1976,380016754688
Indonesia,1986,724911980544
Indonesia,1988,804578263040
Indonesia,1990,960305168384
Indonesia,1991,1046043230208
Indonesia,1992,1121569734656
Indonesia,1993,1202927828992
Indonesia,1994,1293625065472
Indonesia,1996,1509414010880
Indonesia,1997,1580348997632
Indonesia,1998,1372907765760
Indonesia,1999,1383766949888
Indonesia,2000,1451848237056
Indonesia,2001,1504748634112
Indonesia,2002,1572453351424
Indonesia,2003,1647621439488
Indonesia,2004,1730508750848
Indonesia,2005,1829021286400
Indonesia,2006,1929634775040
Indonesia,2007,2052070703104
Indonesia,2008,2175478530048
Indonesia,2009,2276179836928
Indonesia,2010,2417842716672
Indonesia,2011,2567021789184
Indonesia,2012,2721807859712
Indonesia,2013,2873069928448
Indonesia,2014,3016915419136
Indonesia,2015,3164035088384
Indonesia,2016,3323278655488
Indonesia,2017,3491755458560
Indonesia,2018,3672427986944
Indonesia,2019,3856766074880
Indonesia,2020,3777097891840
Indonesia,2021,3916974522368
Indonesia,2022,4124905046016
Indonesia,2023,4333136773120
Ireland,1983,83744022528
Ireland,1984,87390601216
Ireland,1985,90087219200
Ireland,1986,89701343232
Ireland,1987,93884178432
Ireland,1988,98782470144
Ireland,1989,104525520896
Ireland,1990,113375289344
Ireland,1991,115563020288
Ireland,1992,119426514944
Ireland,1993,122642169856
Ireland,1994,129701412864
Ireland,1995,142197391360
Ireland,1996,152691130368
Ireland,1997,169520201728
Ireland,1998,184380620800
Ireland,1999,203795611648
Ireland,2000,222959632384
Ireland,2001,234789601280
Ireland,2002,248640700416
Ireland,2003,256134823936
Ireland,2004,273522458624
Ireland,2005,289221640192
Ireland,2006,303647031296
Ireland,2007,319771377664
Ireland,2008,305432428544
Ireland,2009,289868251136
Ireland,2010,294746750976
Ireland,2011,298521559040
Ireland,2012,298134241280
Ireland,2013,301636550656
Ireland,2014,328267792384
Ireland,2015,408612503552
Ireland,2016,415826870272
Ireland,2017,454545080320
Ireland,2018,493046988800
Ireland,2019,519167311872
Ireland,2020,553521315840
Ireland,2021,637243097088
Ireland,2022,697353895936
Israel,1992,148269203456
Israel,1997,198171803648
Israel,2001,231852539904
Israel,2002,231570997248
Israel,2003,234963484672
Israel,2004,245959606272
Israel,2005,256327204864
Israel,2006,270633009152
Israel,2007,286933024768
Israel,2008,296362704896
Israel,2009,299646287872
Israel,2010,316525477888
Israel,2011,334132707328
Israel,2012,342622863360
Israel,2013,357118410752
Israel,2014,370993954816
Israel,2015,379578187776
Israel,2016,396154896384
Israel,2017,413083828224
Israel,2018,429915013120
Israel,2019,446188224512
Israel,2020,439653761024
Israel,2021,480736870400
India,2018,11375631925248
India,2019,11882870079488
India,2020,11462184534016
India,2021,12075277484032
India,2022,12997086937088
India,2023,14014387060736
Iraq,2006,332074713088
Iraq,2007,338346639360
Iraq,2012,493568720896
Iran,2005,891107475456
Iran,2006,942362001408
Iran,2007,1025542127616
Iran,2008,1053374283776
Iran,2009,1073485709312
Iran,2010,1138378014720
Iran,2011,1188285513728
Iran,2012,1160081702912
Iran,2013,1136961388544
Iran,2014,1178938245120
Iran,2015,1177257377792
Iran,2016,1255770554368
Iran,2017,1305168445440
Iran,2018,1292322078720
Iran,2019,1255559790592
Iran,2020,1283313631232
Iran,2021,1341695852544
Iran,2022,1393975230464
Iran,2023,1459617267712
Iceland,1995,11559014400
Iceland,1996,12086923264
Iceland,1997,12784532480
Iceland,1998,13725822976
Iceland,1999,14279658496
Iceland,2000,14991492096
Iceland,2001,15593176064
Iceland,2002,15680420864
Iceland,2003,16016412672
Iceland,2004,17266075648
Iceland,2005,18323513344
Iceland,2006,19481036800
Iceland,2007,21128130560
Iceland,2008,21594927104
Iceland,2009,19939936256
Iceland,2010,19375101952
Iceland,2011,19732715520
Iceland,2012,19942606848
Iceland,2013,20850460672
Iceland,2014,21202272256
Iceland,2015,22142937088
Iceland,2016,23538776064
Iceland,2017,24526225408
Iceland,2018,25725358080
Iceland,2019,26204141568
Iceland,2020,24313321472
Iceland,2022,27248463872
Italy,1983,2181745082368
Italy,1984,2252124192768
Italy,1985,2315140464640
Italy,1986,2381357252608
Italy,1987,2457366429696
Italy,1988,2560435683328
Italy,1989,2647192764416
Italy,1990,2699764695040
Italy,1991,2741293809664
Italy,1992,2764167184384
Italy,1993,2740593098752
Italy,1994,2799541420032
Italy,1995,2880362512384
Italy,1996,2916851122176
Italy,1997,2970233864192
Italy,1998,3024016900096
Italy,1999,3073176240128
Italy,2000,3189554020352
Italy,2001,3251798802432
Italy,2002,3260051881984
Italy,2003,3264575438848
Italy,2004,3311049113600
Italy,2005,3338128850944
Italy,2006,3397898993664
Italy,2007,3448427773952
Italy,2008,3415257120768
Italy,2009,3234901000192
Italy,2010,3290321125376
Italy,2011,3313598464000
Italy,2012,3214821294080
Italy,2013,3155634159616
Italy,2014,3155489718272
Italy,2015,3180050513920
Italy,2016,3221183266816
Italy,2017,3274903388160
Italy,2018,3305225322496
Italy,2019,3321197494272
Italy,2020,3023142912000
Italy,2021,3274481598464
Italy,2022,3396441473024
Jamaica,1990,24183511040
Jamaica,1996,28062167040
Jamaica,1999,27716579328
Jamaica,2002,28456384512
Jamaica,2008,31224330240
Jamaica,2009,29867476992
Jamaica,2010,29432295424
Jamaica,2011,29941555200
Jamaica,2012,29757831168
Jamaica,2013,29911934976
Jamaica,2014,30118244352
Jamaica,2016,30813796352
Jamaica,2017,31121022976
Jamaica,2018,31709222912
Jamaica,2019,31992133632
Jamaica,2020,28824913920
Jamaica,2021,30150887424
Jamaica,2022,31417198592
Jamaica,2023,32108357632
Jordan,2000,48004816896
Jordan,2001,50534588416
Jordan,2002,53457387520
Jordan,2003,55682195456
Jordan,2004,60452581376
Jordan,2005,65377464320
Jordan,2006,70668361728
Jordan,2007,76446359552
Jordan,2008,81966096384
Jordan,2009,86083739648
Jordan,2010,88076484608
Jordan,2011,90487349248
Jordan,2012,92685639680
Jordan,2013,95104573440
Jordan,2014,98322997248
Jordan,2016,102787465216
Jordan,2017,105329917952
Jordan,2018,107351269376
Jordan,2019,109231153152
Jordan,2020,107477213184
Jordan,2021,109864960000
Jordan,2022,112615825408
Jordan,2023,115543908352
Japan,2000,5517242007552
Japan,2001,5538550644736
Japan,2002,5540875337728
Japan,2003,5625935822848
Japan,2004,5748930641920
Japan,2005,5852620652544
Japan,2006,5932949438464
Japan,2007,6020984733696
Japan,2008,5947286618112
Japan,2009,5608680980480
Japan,2010,5838522548224
Japan,2011,5839902998528
Japan,2012,5920197705728
Japan,2013,6038910140416
Japan,2014,6056795176960
Japan,2015,6151307526144
Japan,2016,6197672935424
Japan,2017,6301518659584
Japan,2018,6342045073408
Japan,2019,6316554715136
Japan,2020,6046285824000
Japan,2021,6175830573056
Japan,2022,6240476856320
Kenya,1999,121133481984
Kenya,2005,146513379328
Kenya,2016,254770692096
Kenya,2021,315221475328
Kyrgyzstan,1997,16862849024
Kyrgyzstan,2010,28156325888
Kyrgyzstan,2011,29833402368
Kyrgyzstan,2012,29807091712
Kyrgyzstan,2013,33060694016
Kyrgyzstan,2014,34391093248
Kyrgyzstan,2015,35724058624
Kyrgyzstan,2016,37273014272
Kyrgyzstan,2017,39039692800
Kyrgyzstan,2018,40506769408
Kyrgyzstan,2019,42370359296
Kyrgyzstan,2020,38811914240
Kyrgyzstan,2021,41205678080
Kyrgyzstan,2022,44099227648
Kyrgyzstan,2023,45949673472
Cambodia,2000,21555003392
Cambodia,2001,23160088576
Cambodia,2012,53122351104
Cambodia,2019,86036996096
Kiribati,2020,316478368
Kiribati,2023,359823936
Comoros,2004,1869423360
Comoros,2014,2447586304
Comoros,2021,3123609600
Korea,2000,1313705558016
Korea,2001,1377450196992
Korea,2002,1483861000192
Korea,2003,1530560774144
Korea,2004,1610113744896
Korea,2005,1679479406592
Korea,2006,1767895334912
Korea,2007,1870427717632
Korea,2008,1926781861888
Korea,2009,1942056861696
Korea,2010,2074208632832
Korea,2011,2150657425408
Korea,2012,2202326269952
Korea,2013,2272023543808
Korea,2014,2344784756736
Korea,2015,2410653679616
Korea,2016,2481693130752
Korea,2017,2560099352576
Korea,2018,2634532782080
Korea,2019,2693652283392
Korea,2020,2674541199360
Korea,2021,2789673271296
Korea,2022,2862563459072
Korea,2023,2901376761856
Kosovo,2003,12601261056
Kosovo,2004,12481860608
Kosovo,2005,12664669184
Kosovo,2008,14182066176
Kosovo,2012,16904468480
Kosovo,2013,17807308800
Kosovo,2014,18403635200
Kosovo,2015,19492425728
Kosovo,2016,20578525184
Kosovo,2017,21571549184
Kosovo,2018,22306430976
Kosovo,2019,23367471104
Kosovo,2020,22119596032
Kosovo,2021,24496492544
Kosovo,2022,25774866432
Kosovo,2023,26625937408
Kazakhstan,1996,190150033408
Kazakhstan,2016,610480160768
Lao PDR,2022,70686941184
Lebanon,2004,54958411776
Lebanon,2011,82029428736
Lebanon,2019,84170891264
Sri Lanka,1992,87671046144
Sri Lanka,1993,93733879808
Sri Lanka,1994,99029213184
Sri Lanka,1995,104504836096
Sri Lanka,1998,120902418432
Sri Lanka,1999,126070153216
Sri Lanka,2000,133607915520
Sri Lanka,2001,131778240512
Sri Lanka,2002,137075949568
Sri Lanka,2003,145218797568
Sri Lanka,2004,153126060032
Sri Lanka,2006,176323166208
Sri Lanka,2007,189558947840
Sri Lanka,2008,202172858368
Sri Lanka,2010,229122998272
Sri Lanka,2011,248986566656
Sri Lanka,2013,281438814208
Sri Lanka,2014,299388862464
Sri Lanka,2015,311981178880
Sri Lanka,2016,327747371008
Sri Lanka,2017,348922019840
Sri Lanka,2018,356982259712
Sri Lanka,2019,356195336192
Sri Lanka,2020,339723059200
Sri Lanka,2021,351654969344
Sri Lanka,2022,324141449216
Liberia,2010,4913292800
Lesotho,2019,6759002112
Lithuania,1998,61722206208
Lithuania,1999,61017608192
Lithuania,2000,63272525824
Lithuania,2001,67401703424
Lithuania,2002,71952252928
Lithuania,2003,79554682880
Lithuania,2004,84780998656
Lithuania,2005,91336720384
Lithuania,2006,98108473344
Lithuania,2007,109005815808
Lithuania,2008,111855747072
Lithuania,2009,95257944064
Lithuania,2010,96830873600
Lithuania,2011,102678478848
Lithuania,2012,106625245184
Lithuania,2013,110410563584
Lithuania,2014,114315755520
Lithuania,2015,116630142976
Lithuania,2016,119567900672
Lithuania,2017,124688580608
Lithuania,2018,129667719168
Lithuania,2019,135717584896
Lithuania,2020,135684325376
Lithuania,2021,144211410944
Lithuania,2022,147730595840
Luxembourg,1983,22324510720
Luxembourg,1984,23705681920
Luxembourg,1985,24367482880
Luxembourg,1986,26800314368
Luxembourg,1987,27859181568
Luxembourg,1988,30216980480
Luxembourg,1989,33177704448
Luxembourg,1990,34942689280
Luxembourg,1991,37963231232
Luxembourg,1992,38654042112
Luxembourg,1993,40277733376
Luxembourg,1994,41816768512
Luxembourg,1995,42415669248
Luxembourg,1996,43008606208
Luxembourg,1997,45339652096
Luxembourg,1998,48365842432
Luxembourg,1999,52319838208
Luxembourg,2000,55949873152
Luxembourg,2001,57669902336
Luxembourg,2002,59530047488
Luxembourg,2003,61089402880
Luxembourg,2004,63674531840
Luxembourg,2005,65255538688
Luxembourg,2006,69181767680
Luxembourg,2007,74784587776
Luxembourg,2008,74560126976
Luxembourg,2009,72145076224
Luxembourg,2010,74858119168
Luxembourg,2011,75639873536
Luxembourg,2012,76887834624
Luxembourg,2013,79326535680
Luxembourg,2014,81407377408
Luxembourg,2015,83255181312
Luxembourg,2016,87399669760
Luxembourg,2017,88550858752
Luxembourg,2018,89630695424
Luxembourg,2019,92244172800
Luxembourg,2020,91404861440
Luxembourg,2021,97957109760
Luxembourg,2022,99309133824
Latvia,1998,36301053952
Latvia,1999,37301542912
Latvia,2000,39418744832
Latvia,2001,41911365632
Latvia,2002,44882051072
Latvia,2003,48662401024
Latvia,2004,52693659648
Latvia,2005,58342612992
Latvia,2006,65327353856
Latvia,2007,71822180352
Latvia,2008,69488599040
Latvia,2009,59579392000
Latvia,2010,56924762112
Latvia,2011,58389901312
Latvia,2012,62501855232
Latvia,2013,63756836864
Latvia,2014,64969551872
Latvia,2015,67493855232
Latvia,2016,69092548608
Latvia,2017,71381196800
Latvia,2018,74229612544
Latvia,2019,74665803776
Latvia,2020,72042143744
Latvia,2021,76891824128
Latvia,2022,79474245632
Morocco,1991,112209960960
Morocco,2000,132595859456
Morocco,2001,142609252352
Morocco,2002,147338379264
Morocco,2003,156645670912
Morocco,2004,164167630848
Morocco,2005,169057288192
Morocco,2006,182175973376
Morocco,2007,187105116160
Morocco,2008,200437792768
Morocco,2009,220888924160
Morocco,2018,340865351680
Moldova,2000,18639685632
Moldova,2001,19784400896
Moldova,2002,21329516544
Moldova,2003,22742210560
Moldova,2004,24416800768
Moldova,2005,26248419328
Moldova,2006,27504302080
Moldova,2007,28329011200
Moldova,2008,30549338112
Moldova,2009,28719527936
Moldova,2010,30756890624
Moldova,2011,32546406400
Moldova,2012,32354471936
Moldova,2013,35280576512
Moldova,2014,37044490240
Moldova,2015,36785168384
Moldova,2016,38477254656
Moldova,2017,40093323264
Moldova,2018,41737121792
Moldova,2019,43239694336
Moldova,2020,39650791424
Moldova,2021,45162258432
Moldova,2022,42475970560
Moldova,2023,42914287616
Montenegro,2005,11330461696
Montenegro,2006,12301037568
Montenegro,2011,14074419200
Montenegro,2012,13691045888
Montenegro,2013,14176943104
Montenegro,2014,14429815808
Montenegro,2015,14919028736
Montenegro,2016,15359048704
Montenegro,2017,16083446784
Montenegro,2018,16900150272
Montenegro,2019,17586790400
Montenegro,2020,14894814208
Montenegro,2021,16837612544
Montenegro,2022,17916344320
Montenegro,2023,18991349760
Madagascar,1993,25570787328
Madagascar,2005,35106287616
Madagascar,2012,42258014208
Madagascar,2015,46072971264
Macedonia,2006,31560771584
Macedonia,2007,33603831808
Macedonia,2008,35442589696
Macedonia,2009,35315458048
Macedonia,2010,36501667840
Macedonia,2011,37355732992
Macedonia,2012,37185413120
Macedonia,2013,38272978944
Macedonia,2014,39662182400
Macedonia,2015,41191440384
Macedonia,2016,42364649472
Macedonia,2017,42822922240
Macedonia,2018,44056461312
Macedonia,2019,45779156992
Macedonia,2020,43632898048
Macedonia,2021,45596332032
Macedonia,2022,46599512064
Macedonia,2023,47078453248
Mali,2010,39350370304
Mali,2013,41220505600
Mali,2014,44248928256
Mali,2015,46840954880
Mali,2016,49582211072
Mali,2017,52212740096
Mali,2018,54691061760
Mali,2019,57292238848
Mali,2020,56584417280
Mali,2022,60485144576
Mali,2023,63207006208
Myanmar,2010,174631190528
Myanmar,2015,249499713536
Myanmar,2017,274614632448
Myanmar,2018,286926864384
Myanmar,2019,300466438144
Myanmar,2020,300612616192
Mongolia,2002,16808222720
Mongolia,2006,23165720576
Mongolia,2007,25539735552
Mongolia,2008,27812864000
Mongolia,2010,29207959552
Mongolia,2011,34258319360
Mongolia,2012,38478802944
Mongolia,2013,42961199104
Mongolia,2014,46348652544
Mongolia,2015,46927949824
Mongolia,2016,47627079680
Mongolia,2017,50311757824
Mongolia,2018,54208413696
Mongolia,2019,57245282304
Mongolia,2020,54636208128
Mongolia,2021,55530381312
Mongolia,2022,58325131264
Mauritania,2012,24102064128
Mauritania,2019,32745732096
Malta,2007,16006284288
Malta,2008,16618610688
Malta,2009,16430282752
Malta,2010,17341134848
Malta,2011,17421965312
Malta,2012,18139504640
Malta,2013,19132276736
Malta,2014,20592680960
Malta,2015,22571253760
Malta,2016,23334400000
Malta,2017,25870919680
Malta,2018,27789418496
Malta,2019,29751044096
Malta,2020,27347755008
Malta,2021,30710865920
Malta,2022,32834854912
Malta,2023,34678824960
Mauritius,1999,15999381504
Mauritius,2001,17891366912
Mauritius,2002,18194993152
Mauritius,2003,19257470976
Mauritius,2004,20091359232
Mauritius,2005,20448655360
Mauritius,2006,21443530752
Mauritius,2007,22671626240
Mauritius,2008,23893008384
Mauritius,2009,24685023232
Mauritius,2010,25765545984
Mauritius,2011,26816110592
Mauritius,2012,27753613312
Mauritius,2013,29072506880
Mauritius,2014,30184427520
Mauritius,2015,31297738752
Mauritius,2016,32507131904
Mauritius,2017,33786103808
Mauritius,2018,35133779968
Mauritius,2019,36149587968
Mauritius,2021,31922153472
Mauritius,2022,34696437760
Mauritius,2023,37080121344
Maldives,2002,4405729792
Maldives,2004,5303003136
Maldives,2009,6239264768
Maldives,2014,8542277632
Maldives,2016,9465266176
Maldives,2019,11814985728
Malawi,2013,22394265600
Mexico,1984,1421912309760
Mexico,1989,1511306428416
Mexico,1992,1715003850752
Mexico,1994,1849539952640
Mexico,1996,1848442224640
Mexico,1998,2104067096576
Mexico,2000,2270766563328
Mexico,2002,2255182888960
Mexico,2005,2413217972224
Mexico,2006,2529172914176
Mexico,2007,2581728854016
Mexico,2008,2606079934464
Mexico,2009,2442024714240
Mexico,2010,2563426484224
Mexico,2011,2651713175552
Mexico,2012,2745932972032
Mexico,2013,2769328275456
Mexico,2014,2838666674176
Mexico,2015,2915379970048
Mexico,2016,2967048814592
Mexico,2017,3022589526016
Mexico,2018,3082196090880
Mexico,2019,3074445803520
Mexico,2020,2809287671808
Mexico,2021,2970520125440
Mexico,2022,3087827206144
Mexico,2023,3187531841536
Malaysia,2000,472633769984
Malaysia,2010,741612912640
Mozambique,2015,44550074368
Mozambique,2022,53496918016
Namibia,2010,24952340480
Namibia,2012,27550029824
Namibia,2013,29096886272
Namibia,2016,32196859904
Namibia,2018,32203888640
Niger,2014,31050991616
Niger,2019,41054703616
Niger,2022,48238219264
Nigeria,1993,404642430976
Nigeria,2011,1043455148032
Nigeria,2019,1308045475840
Nicaragua,1993,19278551040
Nicaragua,1998,24194328576
Nicaragua,2001,27757033472
Nicaragua,2005,31487297536
Nicaragua,2014,44802772992
Netherlands,1983,572881043456
Netherlands,1985,605655007232
Netherlands,1987,634557366272
Netherlands,1988,656393699328
Netherlands,1989,685407731712
Netherlands,1990,714080124928
Netherlands,1991,731496382464
Netherlands,1992,743976861696
Netherlands,1993,753332518912
Netherlands,1994,775639662592
Netherlands,1995,799808356352
Netherlands,1996,827790786560
Netherlands,1997,863626133504
Netherlands,1998,903906000896
Netherlands,1999,949409349632
Netherlands,2000,989243179008
Netherlands,2001,1012262043648
Netherlands,2002,1014461890560
Netherlands,2003,1016040587264
Netherlands,2004,1036208570368
Netherlands,2005,1057459732480
Netherlands,2006,1094058115072
Netherlands,2007,1135335309312
Netherlands,2008,1159974879232
Netherlands,2009,1117441097728
Netherlands,2010,1132443860992
Netherlands,2011,1150011441152
Netherlands,2012,1138160959488
Netherlands,2013,1136679845888
Netherlands,2014,1152858587136
Netherlands,2015,1175445307392
Netherlands,2016,1201209868288
Netherlands,2017,1236175683584
Netherlands,2018,1265360175104
Netherlands,2019,1290105782272
Netherlands,2020,1239970611200
Netherlands,2021,1316748263424
Netherlands,2022,1373748723712
Norway,1995,315315388416
Norway,1996,331169759232
Norway,1997,348670230528
Norway,1998,357975588864
Norway,1999,365392527360
Norway,2000,377520291840
Norway,2001,385323892736
Norway,2002,390632177664
Norway,2003,394323165184
Norway,2004,410153123840
Norway,2005,421166284800
Norway,2006,431533359104
Norway,2007,444108931072
Norway,2008,446248910848
Norway,2009,437589934080
Norway,2010,441033949184
Norway,2011,445910286336
Norway,2012,458029727744
Norway,2013,462684061696
Norway,2014,472161255424
Norway,2015,480929972224
Norway,2016,486531530752
Norway,2017,498519048192
Norway,2018,502650929152
Norway,2019,508299837440
Norway,2020,501803122688
Norway,2021,521364897792
Norway,2022,538451902464
Nepal,1998,52871106560
Nepal,2008,87632134144
Panama,1980,23814791168
Panama,1989,27969140736
Panama,1991,33082144768
Panama,1995,39504347136
Panama,1997,43240529920
Panama,1998,46415945728
Panama,1999,48231014400
Panama,2000,49543794688
Panama,2001,49826926592
Panama,2002,50937569280
Panama,2003,53079855104
Panama,2004,57072578560
Panama,2005,61176823808
Panama,2006,66393845760
Panama,2007,74435919872
Panama,2008,82038349824
Panama,2009,83328688128
Panama,2010,88472289280
Panama,2011,98802491392
Panama,2012,108817539072
Panama,2013,116708638720
Panama,2014,123021271040
Panama,2015,130497478656
Panama,2016,137407627264
Panama,2017,145563074560
Panama,2018,151419289600
Panama,2019,156388540416
Panama,2020,128757497856
Panama,2021,149147041792
Panama,2022,165268979712
Panama,2023,177358635008
Peru,1997,215204347904
Peru,1999,217566347264
Peru,2000,223428673536
Peru,2001,224808992768
Peru,2002,237069107200
Peru,2003,246943006720
Peru,2004,259186769920
Peru,2005,275476938752
Peru,2006,296217477120
Peru,2007,321450213376
Peru,2008,350788059136
Peru,2009,354632073216
Peru,2010,384181436416
Peru,2011,408489000960
Peru,2012,433568776192
Peru,2013,458943725568
Peru,2014,469876572160
Peru,2015,485158322176
Peru,2016,504337661952
Peru,2017,517040701440
Peru,2018,537564446720
Peru,2019,549609635840
Peru,2020,489868984320
Peru,2021,555597365248
Peru,2022,570509230080
Peru,2023,567362256896
Philippines,1988,286969298944
Philippines,1989,304715169792
Philippines,1990,314108608512
Philippines,1991,312738054144
Philippines,1992,314044153856
Philippines,1993,320896106496
Philippines,1994,334930804736
Philippines,1995,350422204416
Philippines,1996,370958073856
Philippines,1997,390197313536
Philippines,1998,388191584256
Philippines,1999,401182097408
Philippines,2000,418763833344
Philippines,2001,431532867584
Philippines,2002,447570509824
Philippines,2003,470337683456
Philippines,2004,501235580928
Philippines,2005,526008516608
Philippines,2006,553973645312
Philippines,2007,590088962048
Philippines,2008,615725662208
Philippines,2009,624643145728
Philippines,2010,670456872960
Philippines,2011,696324259840
Philippines,2012,744349761536
Philippines,2013,794597654528
Philippines,2014,845038092288
Philippines,2015,898683895808
Philippines,2016,962935980032
Philippines,2017,1029676728320
Philippines,2018,1094973587456
Philippines,2019,1161968484352
Philippines,2020,1051368620032
Philippines,2021,1111451893760
Philippines,2022,1195593695232
Pakistan,1973,153889374208
Pakistan,1992,451823501312
Pakistan,1999,570573193216
Pakistan,2001,603543764992
Pakistan,2003,667270905856
Pakistan,2005,767067947008
Pakistan,2007,849772871680
Pakistan,2008,880293052416
Pakistan,2009,909381533696
Pakistan,2010,941272727552
Pakistan,2012,1032552316928
Pakistan,2013,1092376133632
Pakistan,2014,1156850515968
Pakistan,2017,1368300978176
Pakistan,2018,1426685689856
Pakistan,2020,1473593868288
Pakistan,2021,1567391875072
Poland,1997,694388654080
Poland,1998,726611460096
Poland,1999,760434786304
Poland,2000,795117813760
Poland,2001,805125160960
Poland,2002,821515452416
Poland,2003,850256723968
Poland,2004,892623781888
Poland,2005,923926069248
Poland,2006,980574208000
Poland,2007,1049815744512
Poland,2008,1093909676032
Poland,2009,1124891361280
Poland,2010,1157901582336
Poland,2011,1216285900800
Poland,2012,1235080577024
Poland,2013,1245659136000
Poland,2014,1293453623296
Poland,2015,1350150127616
Poland,2016,1390028128256
Poland,2017,1461476524032
Poland,2018,1548362448896
Poland,2019,1617264246784
Poland,2020,1584594157568
Poland,2021,1694485708800
Poland,2022,1783623319552
Palestine,1998,14801997824
Palestine,1999,16027655168
Palestine,2000,14656303104
Palestine,2001,13291701248
Palestine,2002,11631694848
Palestine,2003,13261977600
Palestine,2004,16169670656
Palestine,2005,17995352064
Palestine,2006,17816006656
Palestine,2007,18490925056
Palestine,2008,19864647680
Palestine,2009,21571723264
Palestine,2010,22818019328
Palestine,2011,25008726016
Palestine,2012,26533363712
Palestine,2013,27780061184
Palestine,2014,27736168448
Palestine,2015,28768356352
Palestine,2016,31318538240
Palestine,2017,31763081216
Palestine,2018,32152805376
Palestine,2019,32590962688
Palestine,2020,28902176768
Palestine,2021,30928797696
Palestine,2022,32145209344
Portugal,1986,237768998912
Portugal,1987,252941565952
Portugal,1988,271884615680
Portugal,1989,289395834880
Portugal,1990,300828852224
Portugal,1991,313969278976
Portugal,1992,317390323712
Portugal,1993,310905044992
Portugal,1994,313904463872
Portugal,1995,327348256768
Portugal,1996,338819383296
Portugal,1997,353730560000
Portugal,1998,370738102272
Portugal,1999,385220673536
Portugal,2000,399921610752
Portugal,2001,407695032320
Portugal,2002,410837778432
Portugal,2003,407015161856
Portugal,2004,414295228416
Portugal,2005,417534836736
Portugal,2006,424319844352
Portugal,2007,434955976704
Portugal,2008,436344061952
Portugal,2009,422720798720
Portugal,2010,430066335744
Portugal,2011,422771785728
Portugal,2012,405618458624
Portugal,2013,401875861504
Portugal,2014,405060288512
Portugal,2015,412318924800
Portugal,2016,420645502976
Portugal,2017,435394871296
Portugal,2018,447800639488
Portugal,2019,459814273024
Portugal,2020,421647351808
Portugal,2021,445838786560
Portugal,2022,476278456320
Paraguay,1990,40854155264
Paraguay,1997,49890091008
Paraguay,1999,49433292800
Paraguay,2001,48769306624
Paraguay,2002,56098603008
Paraguay,2003,58522492928
Paraguay,2004,60897017856
Paraguay,2005,62196277248
Paraguay,2006,65186050048
Paraguay,2007,68720173056
Paraguay,2008,73184378880
Paraguay,2009,72993488896
Paraguay,2010,81092206592
Paraguay,2011,84568055808
Paraguay,2012,83969220608
Paraguay,2013,90933010432
Paraguay,2014,95753396224
Paraguay,2015,98585067520
Paraguay,2016,102792626176
Paraguay,2017,107737260032
Paraguay,2018,111189491712
Paraguay,2019,110742437888
Paraguay,2020,109834625024
Paraguay,2021,114246451200
Paraguay,2022,114332557312
Paraguay,2023,119450558464
Romania,1997,371976339456
Romania,1998,364425904128
Romania,1999,363053285376
Romania,2000,371989217280
Romania,2001,391399276544
Romania,2002,413721100288
Romania,2003,423406796800
Romania,2004,467560103936
Romania,2005,489386115072
Romania,2006,528678420480
Romania,2007,566921986048
Romania,2008,619688886272
Romania,2009,585497313280
Romania,2010,562656051200
Romania,2011,588071501824
Romania,2012,599391141888
Romania,2013,601010470912
Romania,2014,625776132096
Romania,2015,645554307072
Romania,2016,664000921600
Romania,2017,718424768512
Romania,2018,761738428416
Romania,2019,791090692096
Romania,2020,761997819904
Romania,2021,805498978304
Romania,2022,842515677184
Serbia,2007,129060093952
Serbia,2009,132633968640
Serbia,2010,133603885056
Serbia,2011,136324259840
Serbia,2012,135395262464
Serbia,2013,139311595520
Serbia,2014,137097633792
Serbia,2015,139573313536
Serbia,2016,144233398272
Serbia,2017,147263668224
Serbia,2018,153883639808
Serbia,2019,160548978688
Serbia,2020,159098847232
Serbia,2021,171110924288
Serbia,2022,174963359744
Serbia,2023,179386007552
Russia,1994,2873199689728
Russia,1995,3194226999296
Russia,1996,3078988496896
Russia,1998,2954670112768
Russia,2000,3457995243520
Russia,2001,3634043289600
Russia,2002,3806433116160
Russia,2003,4095199936512
Russia,2004,4389361942528
Russia,2005,4666217201664
Russia,2006,5046904291328
Russia,2007,5479491174400
Russia,2008,5767886274560
Russia,2009,5317996314624
Russia,2010,5556240646144
Russia,2011,5751753932800
Russia,2012,6015806341120
Russia,2013,6152109162496
Russia,2014,6115788062720
Russia,2015,5967334342656
Russia,2016,5761537146880
Russia,2017,5866785865728
Russia,2018,6031425929216
Russia,2019,6164002111488
Russia,2020,6000433692672
Russia,2021,6337315471360
Rwanda,2013,24952406016
Rwanda,2016,30560710656
Sudan,2022,63208660992
Sweden,1995,392283160576
Sweden,1996,398479163392
Sweden,1997,410714603520
Sweden,1998,428424265728
Sweden,1999,446620336128
Sweden,2000,467907903488
Sweden,2001,474690519040
Sweden,2002,485118640128
Sweden,2003,496324345856
Sweden,2004,517848793088
Sweden,2005,532653539328
Sweden,2006,557489651712
Sweden,2007,576663191552
Sweden,2008,574064164864
Sweden,2009,549151768576
Sweden,2010,581837324288
Sweden,2011,600429101056
Sweden,2012,596897038336
Sweden,2013,603986329600
Sweden,2014,620039045120
Sweden,2015,647874936832
Sweden,2016,661289435136
Sweden,2017,678270992384
Sweden,2018,691497730048
Sweden,2019,705232109568
Sweden,2020,689926701056
Sweden,2021,732337143808
Sweden,2022,753075159040
Singapore,2021,778867834880
Singapore,2022,807272972288
Singapore,2023,815950987264
Slovenia,1996,56746573824
Slovenia,1997,59612082176
Slovenia,1998,61567078400
Slovenia,1999,64850219008
Slovenia,2000,67231670272
Slovenia,2001,69394243584
Slovenia,2002,71826948096
Slovenia,2003,73953165312
Slovenia,2004,77176922112
Slovenia,2005,80108150784
Slovenia,2006,84711440384
Slovenia,2007,90624532480
Slovenia,2008,93805289472
Slovenia,2009,86724485120
Slovenia,2010,87889723392
Slovenia,2011,88646746112
Slovenia,2012,86307078144
Slovenia,2013,85418631168
Slovenia,2014,87783260160
Slovenia,2015,89723297792
Slovenia,2016,92587180032
Slovenia,2017,97045479424
Slovenia,2018,101368365056
Slovenia,2019,104939085824
Slovenia,2020,100488822784
Slovenia,2021,108757581824
Slovenia,2022,111433834496
Slovakia,1998,107736555520
Slovakia,1999,107622506496
Slovakia,2000,108877774848
Slovakia,2001,112420454400
Slovakia,2002,117490139136
Slovakia,2003,123951022080
Slovakia,2004,130494111744
Slovakia,2005,139137384448
Slovakia,2006,150954622976
Slovakia,2007,167306067968
Slovakia,2008,176633135104
Slovakia,2009,166996918272
Slovakia,2010,178213568512
Slovakia,2011,182974169088
Slovakia,2012,185387335680
Slovakia,2013,186560413696
Slovakia,2014,191592333312
Slovakia,2015,201492299776
Slovakia,2016,205409075200
Slovakia,2017,211444203520
Slovakia,2018,219966160896
Slovakia,2019,225490239488
Slovakia,2020,217969065984
Slovakia,2021,228407820288
Slovakia,2022,232405909504
Sierra Leone,2003,7002820096
Sierra Leone,2014,15558943744
Senegal,1995,27259756544
Senegal,2011,48434999296
Senegal,2019,73983434752
Senegal,2022,83036413952
Somalia,2017,24043997184
Suriname,1999,7867692544
Suriname,2016,14191164416
Sao Tome and Principe,2017,1277167104
El Salvador,1991,37071253504
El Salvador,1995,46031400960
El Salvador,1996,46407864320
El Salvador,1998,49133031424
El Salvador,1999,50194583552
El Salvador,2000,50759843840
El Salvador,2001,51205083136
El Salvador,2002,52014632960
El Salvador,2003,52827213824
El Salvador,2004,53297815552
El Salvador,2005,54740836352
El Salvador,2006,57118134272
El Salvador,2007,58180886528
El Salvador,2008,59418521600
El Salvador,2009,58180599808
El Salvador,2010,59405983744
El Salvador,2011,61670412288
El Salvador,2012,63405826048
El Salvador,2013,64825344000
El Salvador,2014,65933729792
El Salvador,2015,67513094144
El Salvador,2016,69229346816
El Salvador,2017,70789169152
El Salvador,2018,72496947200
El Salvador,2019,74262274048
El Salvador,2020,68424839168
El Salvador,2021,76077424640
El Salvador,2022,78051287040
El Salvador,2023,80782589952
Syrian Arab Republic,2003,101571477504
Swaziland,2016,11583889408
Swaziland,2021,13196165120
Swaziland,2023,13657113600
Chad,2003,14128615424
Chad,2011,34046064640
Chad,2018,46820298752
Togo,2015,19474249728
Togo,2017,21416189952
Togo,2019,23547965440
Togo,2022,26703960064
Thailand,1977,200873017344
Thailand,1978,221841522688
Thailand,1981,259267674112
Thailand,1982,273144856576
Thailand,1983,288397656064
Thailand,1984,304987930624
Thailand,1985,319161434112
Thailand,1986,336823091200
Thailand,1987,368884842496
Thailand,1988,417902493696
Thailand,1989,468859813888
Thailand,1990,521104949248
Thailand,1991,564988739584
Thailand,1992,617253175296
Thailand,1993,670907236352
Thailand,1994,724560314368
Thailand,1995,783396831232
Thailand,1996,827672887296
Thailand,1997,804882743296
Thailand,1998,743438942208
Thailand,1999,777430368256
Thailand,2000,812066668544
Thailand,2001,840035860480
Thailand,2002,891689500672
Thailand,2003,955795898368
Thailand,2004,1015910301696
Thailand,2005,1058452013056
Thailand,2006,1111034691584
Thailand,2007,1171421265920
Thailand,2008,1191636238336
Thailand,2009,1183405178880
Thailand,2010,1272320491520
Thailand,2011,1283008102400
Thailand,2012,1375933431808
Thailand,2014,1426822660096
Thailand,2015,1471539052544
Thailand,2016,1522089328640
Thailand,2017,1585677860864
Thailand,2018,1652638875648
Thailand,2019,1687583719424
Thailand,2020,1585199710208
Thailand,2021,1608853749760
Thailand,2022,1650598346752
Thailand,2023,1681484546048
Tajikistan,1999,9256237056
Tajikistan,2003,13520909312
Tajikistan,2007,18278649856
Tajikistan,2009,20455251968
Tajikistan,2013,25785167872
Tajikistan,2016,31176855552
Timor-Leste,2001,3635453696
Timor-Leste,2007,3627398656
Timor-Leste,2010,4868349440
Timor-Leste,2013,5576771072
Timor-Leste,2016,6191745536
Tunisia,1997,75376386048
Tunisia,2000,87483949056
Tunisia,2001,90805075968
Tunisia,2010,132239564800
Tunisia,2014,149660549120
Tunisia,2019,173064749056
Tunisia,2021,164980670464
Tonga,2009,679299264
Tonga,2018,842350720
Tonga,2021,818240128
Tonga,2023,822344960
Turkey,2000,1079938973696
Turkey,2001,1017841516544
Turkey,2002,1083469070336
Turkey,2003,1145911246848
Turkey,2004,1258165239808
Turkey,2005,1371303575552
Turkey,2006,1466581123072
Turkey,2007,1540547280896
Turkey,2008,1553105420288
Turkey,2009,1478196330496
Turkey,2010,1602763882496
Turkey,2011,1782276816896
Turkey,2012,1867617665024
Turkey,2013,2026104553472
Turkey,2014,2126184316928
Turkey,2015,2255554084864
Turkey,2016,2330506821632
Turkey,2017,2505340878848
Turkey,2018,2580834418688
Turkey,2019,2601959292928
Turkey,2020,2650347405312
Turkey,2021,2953536602112
Turkey,2022,3116966084608
Turkey,2023,3257757597696
Tanzania,2001,64765751296
Tanzania,2006,89890299904
Tanzania,2012,130882076672
Tanzania,2014,149166850048
Tanzania,2020,216749408256
Ukraine,2016,760873615360
Uganda,2010,88568586240
Uganda,2011,92555403264
Uganda,2012,95916638208
Uganda,2014,103485857792
Uganda,2017,118855270400
Uganda,2019,135199801344
USA,1900,481819590656
USA,1901,508216967168
USA,1902,534605430784
USA,1903,561007624192
USA,1904,587400871936
USA,1905,613795037184
USA,1906,640191561728
USA,1907,666583498752
USA,1908,692980678656
USA,1909,719379496960
USA,1910,745765732352
USA,1911,814891859968
USA,1912,884009992192
USA,1913,953132646400
USA,1914,880871735296
USA,1915,914500943872
USA,1916,1061114675200
USA,1917,1059308896256
USA,1918,1112755142656
USA,1919,1076732362752
USA,1920,1076544602112
USA,1921,989719822336
USA,1922,1088866942976
USA,1923,1249041317888
USA,1924,1259870879744
USA,1925,1305089933312
USA,1926,1390031536128
USA,1927,1389042991104
USA,1928,1428912078848
USA,1929,1525464039424
USA,1930,1399854465024
USA,1931,1264711892992
USA,1932,1081874907136
USA,1933,1060622696448
USA,1934,1204572782592
USA,1935,1344028672000
USA,1936,1503816450048
USA,1937,1615345614848
USA,1938,1514978148352
USA,1939,1641702752256
USA,1940,1806789509120
USA,1941,2173820207104
USA,1942,2606011777024
USA,1943,3056648847360
USA,1944,3203771138048
USA,1945,3132223127552
USA,1946,2781150707712
USA,1947,2718139678720
USA,1948,2880458981376
USA,1949,2821653790720
USA,1950,3109783076864
USA,1951,3361138540544
USA,1952,3486790189056
USA,1953,3629291929600
USA,1954,3591546863616
USA,1955,3882254073856
USA,1956,3983793192960
USA,1957,4027197947904
USA,1958,3956704804864
USA,1959,4257532346368
USA,1960,4333132054528
USA,1962,4703197855744
USA,1963,4910137999360
USA,1964,5194928619520
USA,1965,5527399563264
USA,1966,5886682595328
USA,1967,6033851809792
USA,1968,6323473743872
USA,1969,6519503454208
USA,1970,6501012340736
USA,1971,6715115831296
USA,1972,7068262072320
USA,1973,7467312349184
USA,1974,7426948988928
USA,1975,7411685392384
USA,1976,7811050242048
USA,1977,8172244303872
USA,1978,8624594223104
USA,1979,8897664385024
USA,1980,8874818011136
USA,1981,9100033261568
USA,1982,8935969914880
USA,1983,9345591934976
USA,1984,10021890949120
USA,1985,10439767359488
USA,1986,10801267081216
USA,1987,11174913507328
USA,1988,11641698648064
USA,1989,12069250269184
USA,1990,12296866758656
USA,1991,12283551940608
USA,1992,12716234244096
USA,1993,13066165026816
USA,1994,13592575344640
USA,1995,13957439946752
USA,1996,14483968753664
USA,1997,15128119476224
USA,1998,15806061608960
USA,1999,16563887407104
USA,2000,17239206002688
USA,2001,17403747500032
USA,2002,17698901721088
USA,2003,18193796038656
USA,2004,18894714568704
USA,2005,19552844906496
USA,2006,20096992935936
USA,2007,20501023948800
USA,2008,20526089109504
USA,2009,19992418451456
USA,2010,20533999566848
USA,2011,20852252868608
USA,2012,21327882747904
USA,2013,21779527499776
USA,2014,22329155387392
USA,2015,22986868391936
USA,2016,23405147455488
USA,2017,23980345917440
USA,2018,24691737624576
USA,2019,25300899463168
USA,2020,24740871798784
USA,2021,26175862734848
USA,2022,26682450771968
USA,2023,27357817602048
Uruguay,1990,46106959872
Uruguay,1992,5.1904e+10
Uruguay,1995,56309407744
Uruguay,1996,59441025024
Uruguay,1997,62372122624
Uruguay,1998,65190608896
Uruguay,1999,63926423552
Uruguay,2000,62692720640
Uruguay,2001,60282720256
Uruguay,2002,55621709824
Uruguay,2003,56069558272
Uruguay,2004,58875379712
Uruguay,2005,63267393536
Uruguay,2006,65860632576
Uruguay,2007,70169010176
Uruguay,2008,75204296704
Uruguay,2009,78395727872
Uruguay,2010,84513030144
Uruguay,2011,90111000576
Uruguay,2012,94596136960
Uruguay,2013,100358643712
Uruguay,2014,105049047040
Uruguay,2015,106903781376
Uruguay,2016,110691155968
Uruguay,2017,112617586688
Uruguay,2018,112793427968
Uruguay,2019,113632993280
Uruguay,2020,106516258816
Uruguay,2021,112136609792
Uruguay,2022,117655863296
Uruguay,2023,118087737344
Uzbekistan,2000,78545977344
Uzbekistan,2002,85527969792
Uzbekistan,2003,89142804480
Uzbekistan,2016,246374236160
Venezuela,1971,104474992640
Venezuela,1981,151397220352
Venezuela,1989,151784357888
Venezuela,1992,188071100416
Venezuela,1995,191433768960
Venezuela,1998,203828183040
Venezuela,2000,198721290240
Venezuela,2001,205465993216
Venezuela,2002,187271675904
Venezuela,2003,172750323712
Venezuela,2004,204337070080
Venezuela,2005,225423687680
Venezuela,2006,247678435328
Venezuela,2007,269356089344
Venezuela,2008,283572371456
Venezuela,2009,274492588032
Venezuela,2010,270407532544
Venezuela,2011,281697779712
Venezuela,2012,297546121216
Venezuela,2016,225457733632
Venezuela,2017,190125850624
Vietnam,2007,515534323712
Vietnam,2009,631669981184
Vietnam,2010,705129807872
Vietnam,2011,750349778944
Vietnam,2012,791655612416
Vietnam,2013,835620110336
Vietnam,2014,889283936256
Vietnam,2015,951420190720
Vietnam,2016,1015071309824
Vietnam,2017,1085517135872
Vietnam,2018,1166551810048
Vietnam,2019,1252403838976
Vietnam,2020,1288285978624
Vietnam,2021,1321290301440
Vietnam,2022,1427252707328
Vietnam,2023,1499281227776
Vanuatu,2006,783821952
Vanuatu,2010,921357376
Vanuatu,2019,1138108288
Vanuatu,2020,1081287296
Samoa,2012,1377202944
Samoa,2017,1601128832
Samoa,2022,1489652224
Yemen,2014,91416141824
South Africa,1995,509713973248
South Africa,2000,584913977344
South Africa,2001,600706383872
South Africa,2002,622934360064
South Africa,2003,641305673728
South Africa,2004,670513823744
South Africa,2005,705897955328
South Africa,2006,745454239744
South Africa,2007,785415012352
South Africa,2008,810477027328
South Africa,2009,798011359232
South Africa,2010,822268395520
South Africa,2011,848323411968
South Africa,2012,868651237376
South Africa,2013,890240040960
South Africa,2014,902826754048
South Africa,2015,914761318400
South Africa,2016,920840568832
South Africa,2017,931502882816
South Africa,2018,946005409792
South Africa,2019,948463075328
South Africa,2020,891903934464
South Africa,2021,933851103232
South Africa,2022,951690854400
South Africa,2023,957418176512
Zambia,2012,58404331520
Zimbabwe,2011,33954265088
