country,year,hours_worked
United Arab Emirates,2017,44.0715446472168
United Arab Emirates,2018,40.9444541931152
United Arab Emirates,2019,40.8200645446777
United Arab Emirates,2022,37.8890914916992
United Arab Emirates,2023,37.1201820373535
Afghanistan,2007,22.5585155487061
Afghanistan,2008,22.0880336761475
Afghanistan,2011,20.1555728912354
Afghanistan,2012,19.5226097106934
Afghanistan,2013,16.4056434631348
Afghanistan,2014,17.9549884796143
Afghanistan,2017,15.9496545791626
Afghanistan,2020,15.4331283569336
Afghanistan,2021,18.1748447418213
Albania,2002,18.7998638153076
Albania,2005,20.6972332000732
Albania,2007,18.5158252716064
Albania,2008,19.6763610839844
Albania,2009,20.1562080383301
Albania,2010,19.4849319458008
Albania,2011,18.6523838043213
Albania,2012,19.6142807006836
Albania,2013,18.1255397796631
Albania,2014,16.5450000762939
Albania,2015,17.575590133667
Albania,2016,19.354341506958
Albania,2017,20.2670097351074
Albania,2018,21.3147411346436
Albania,2019,22.2498207092285
Albania,2020,20.5941200256348
Albania,2021,21.8235645294189
Albania,2022,23.3364849090576
Albania,2023,23.8888130187988
Armenia,2007,18.1409740447998
Armenia,2008,18.2761478424072
Armenia,2009,17.425874710083
Armenia,2010,18.5462856292725
Armenia,2012,19.4486751556397
Armenia,2013,20.0858478546143
Armenia,2014,20.9173049926758
Armenia,2015,19.1306304931641
Armenia,2016,18.7080135345459
Armenia,2017,18.8429660797119
Armenia,2018,17.9036235809326
Armenia,2019,19.333683013916
Armenia,2020,18.425802230835
Armenia,2021,18.2741451263428
Armenia,2022,19.4191646575928
Angola,2000,37.4280242919922
Angola,2009,33.6235237121582
Angola,2019,25.8902492523193
Angola,2021,25.8737907409668
Angola,2022,27.9204292297363
Argentina,1980,22.4449043273926
Argentina,1982,22.0993518829346
Argentina,1987,21.488187789917
Argentina,1988,23.0829677581787
Argentina,1991,23.0656757354736
Argentina,1992,22.7466773986816
Argentina,1993,22.5564861297607
Argentina,1994,21.4102764129639
Argentina,1995,19.7519836425781
Argentina,1996,19.7273616790772
Argentina,1997,20.7558746337891
Argentina,1998,20.7431468963623
Argentina,1999,20.6062908172607
Argentina,2000,20.2434463500977
Argentina,2001,18.4054470062256
Argentina,2002,18.0651664733887
Argentina,2003,19.0837898254395
Argentina,2004,21.2849102020264
Argentina,2005,21.7732982635498
Argentina,2006,22.2269382476807
Argentina,2008,22.5086269378662
Argentina,2009,21.9355144500732
Argentina,2010,22.0572509765625
Argentina,2011,22.4398937225342
Argentina,2012,22.0504341125488
Argentina,2013,21.803295135498
Argentina,2014,21.3031005859375
Argentina,2017,20.2335796356201
Argentina,2018,20.2280788421631
Argentina,2019,19.9498233795166
Argentina,2020,15.9583158493042
Argentina,2021,20.1574573516846
Argentina,2022,21.2493114471436
Argentina,2023,21.9088821411133
Austria,1995,21.7037239074707
Austria,1996,21.1645889282227
Austria,1997,21.5324001312256
Austria,1998,20.7127990722656
Austria,1999,20.9822406768799
Austria,2000,20.7968654632568
Austria,2001,20.8886909484863
Austria,2002,20.5603313446045
Austria,2003,20.6749458312988
Austria,2004,19.3421478271484
Austria,2005,19.0639152526855
Austria,2006,19.2851886749268
Austria,2007,19.5597667694092
Austria,2008,19.6609058380127
Austria,2009,18.6898155212402
Austria,2010,18.7047348022461
Austria,2011,18.8615379333496
Austria,2012,18.6277484893799
Austria,2013,18.3715229034424
Austria,2014,18.1822357177734
Austria,2015,17.880126953125
Austria,2016,18.0912494659424
Austria,2017,18.0348968505859
Austria,2018,18.1700038909912
Austria,2019,18.3856601715088
Austria,2020,16.6225166320801
Austria,2021,17.1937484741211
Austria,2022,17.5307369232178
Australia,1985,20.5842800140381
Australia,1989,21.2004108428955
Australia,2001,22.818754196167
Australia,2002,23.0877838134766
Australia,2003,22.8603382110596
Australia,2004,23.1051712036133
Australia,2005,23.3088989257813
Australia,2006,23.4835662841797
Australia,2007,23.7260360717773
Australia,2008,23.854944229126
Australia,2009,23.3334369659424
Australia,2010,23.398868560791
Australia,2011,23.1314601898193
Australia,2012,22.8997745513916
Australia,2013,22.5038108825684
Australia,2014,22.2911624908447
Australia,2015,22.4200229644775
Australia,2016,22.3824214935303
Australia,2017,22.8112106323242
Australia,2018,22.4055805206299
Australia,2020,22.0688209533691
Azerbaijan,2015,29.6284732818604
Bosnia and Herzegovina,2001,13.6634349822998
Bosnia and Herzegovina,2006,12.2117147445679
Bosnia and Herzegovina,2007,12.9081726074219
Bosnia and Herzegovina,2008,14.0563545227051
Bosnia and Herzegovina,2009,13.6643009185791
Bosnia and Herzegovina,2010,13.2721071243286
Bosnia and Herzegovina,2011,13.0036630630493
Bosnia and Herzegovina,2012,13.075047492981
Bosnia and Herzegovina,2013,13.0190143585205
Bosnia and Herzegovina,2014,13.0138883590698
Bosnia and Herzegovina,2015,12.9941301345825
Bosnia and Herzegovina,2016,13.5340881347656
Bosnia and Herzegovina,2017,13.8040542602539
Bosnia and Herzegovina,2018,14.1824655532837
Bosnia and Herzegovina,2019,14.5791206359863
Bosnia and Herzegovina,2020,15.8151035308838
Bosnia and Herzegovina,2021,16.5146732330322
Bosnia and Herzegovina,2022,16.4442558288574
Bosnia and Herzegovina,2023,16.8800888061523
Bangladesh,1999,26.9184074401856
Bangladesh,2005,25.1585350036621
Bangladesh,2010,26.1921844482422
Bangladesh,2013,25.0219745635986
Bangladesh,2015,25.0298042297363
Bangladesh,2016,24.9788341522217
Bangladesh,2022,25.1888732910156
Belgium,1983,17.1765613555908
Belgium,1984,17.0008716583252
Belgium,1985,17.3329563140869
Belgium,1986,17.3376140594482
Belgium,1987,16.8771915435791
Belgium,1988,17.0101127624512
Belgium,1989,17.3894538879395
Belgium,1990,17.5104942321777
Belgium,1991,17.5742244720459
Belgium,1992,18.0035076141357
Belgium,1993,18.6686401367188
Belgium,1994,18.1594104766846
Belgium,1995,18.6275463104248
Belgium,1996,18.82373046875
Belgium,1997,18.8909969329834
Belgium,1998,18.1736927032471
Belgium,1999,15.6754779815674
Belgium,2000,16.1181621551514
Belgium,2001,17.3728866577148
Belgium,2002,17.6212215423584
Belgium,2003,17.2434997558594
Belgium,2004,17.6396675109863
Belgium,2005,17.17724609375
Belgium,2006,17.2721920013428
Belgium,2007,17.1926498413086
Belgium,2008,17.2146682739258
Belgium,2009,17.0342769622803
Belgium,2010,16.9449634552002
Belgium,2011,16.6195678710938
Belgium,2012,16.5276794433594
Belgium,2013,16.393274307251
Belgium,2014,16.4067192077637
Belgium,2015,16.2851753234863
Belgium,2016,16.4530410766602
Belgium,2017,16.7969303131104
Belgium,2018,17.1655960083008
Belgium,2019,17.0101013183594
Belgium,2020,15.5272855758667
Belgium,2021,16.4358558654785
Belgium,2022,16.7366466522217
Burkina Faso,2014,27.6566982269287
Burkina Faso,2022,27.1521091461182
Bulgaria,2000,18.6425609588623
Bulgaria,2001,16.2885837554932
Bulgaria,2002,16.34690284729
Bulgaria,2003,16.6149482727051
Bulgaria,2004,17.7269535064697
Bulgaria,2005,17.7709884643555
Bulgaria,2006,18.7034873962402
Bulgaria,2007,19.7209720611572
Bulgaria,2008,20.2642402648926
Bulgaria,2009,19.1252346038818
Bulgaria,2010,18.6077003479004
Bulgaria,2011,18.0096206665039
Bulgaria,2012,17.77978515625
Bulgaria,2013,17.8987808227539
Bulgaria,2014,18.2814636230469
Bulgaria,2015,18.880973815918
Bulgaria,2016,18.8149375915527
Bulgaria,2017,19.7872295379639
Bulgaria,2018,19.8793678283691
Bulgaria,2019,20.5406684875488
Bulgaria,2020,19.5009574890137
Bulgaria,2021,20.1005229949951
Bulgaria,2022,20.839916229248
Burundi,2014,32.2646217346191
Burundi,2020,30.8647727966309
Benin,2011,29.2201442718506
Benin,2019,33.5048561096191
Benin,2022,33.8745574951172
Brunei Darussalam,2014,28.3613739013672
Brunei Darussalam,2017,26.4479637145996
Brunei Darussalam,2018,27.9311580657959
Brunei Darussalam,2019,27.8484477996826
Brunei Darussalam,2020,26.4883117675781
Brunei Darussalam,2021,28.1975173950195
Brunei Darussalam,2022,27.2345714569092
Brunei Darussalam,2023,27.2339515686035
Bolivia,1989,26.2307472229004
Bolivia,1991,27.0360145568848
Bolivia,1992,27.7541790008545
Bolivia,1993,28.093900680542
Bolivia,1994,29.8669624328613
Bolivia,1999,31.9142379760742
Bolivia,2000,32.1008911132813
Bolivia,2001,30.7667064666748
Bolivia,2002,31.7105216979981
Bolivia,2004,32.7666015625
Bolivia,2005,31.5832233428955
Bolivia,2006,32.7738800048828
Bolivia,2007,32.3376235961914
Bolivia,2008,33.5726852416992
Bolivia,2009,32.6830177307129
Bolivia,2011,32.0607452392578
Bolivia,2012,32.0382537841797
Bolivia,2013,31.5429840087891
Bolivia,2014,32.9449806213379
Bolivia,2015,31.1013793945313
Bolivia,2016,30.2405281066895
Bolivia,2017,29.882963180542
Bolivia,2018,29.0910720825195
Bolivia,2019,29.3632926940918
Bolivia,2020,28.2972812652588
Bolivia,2021,27.5746040344238
Brazil,1981,26.6351985931397
Brazil,1982,27.2350978851318
Brazil,1983,26.7829418182373
Brazil,1984,27.0368041992188
Brazil,1985,27.7264099121094
Brazil,1986,27.8402652740479
Brazil,1987,28.0459880828857
Brazil,1988,27.7193775177002
Brazil,1989,28.064489364624
Brazil,1990,27.5247421264648
Brazil,1992,26.7494850158691
Brazil,1993,26.3857879638672
Brazil,1995,26.4137802124023
Brazil,1996,25.8372955322266
Brazil,1997,25.6140518188477
Brazil,1998,25.2769603729248
Brazil,1999,24.9814071655273
Brazil,2001,26.4259338378906
Brazil,2002,25.7272243499756
Brazil,2003,25.4208221435547
Brazil,2004,25.7625598907471
Brazil,2005,25.6704254150391
Brazil,2006,25.7412357330322
Brazil,2007,25.6601390838623
Brazil,2008,25.9268341064453
Brazil,2009,25.5318126678467
Brazil,2011,25.0270309448242
Brazil,2012,24.3207206726074
Brazil,2013,24.1773071289063
Brazil,2014,23.9603824615479
Brazil,2015,23.4476490020752
Brazil,2016,22.5907306671143
Brazil,2017,22.3364524841309
Brazil,2018,22.5265502929688
Brazil,2019,22.8463935852051
Brazil,2020,20.6343669891357
Brazil,2022,23.3694038391113
Bhutan,2003,33.5687408447266
Bhutan,2007,32.443489074707
Bhutan,2018,30.9587249755859
Bhutan,2019,35.053840637207
Bhutan,2020,32.2092514038086
Bhutan,2021,34.132926940918
Bhutan,2022,33.3150138854981
Botswana,1996,19.590784072876
Botswana,2006,23.6933307647705
Botswana,2009,24.9796276092529
Botswana,2015,23.4116630554199
Botswana,2019,22.9136447906494
Botswana,2020,23.3005924224854
Botswana,2021,22.5287666320801
Botswana,2022,21.6109256744385
Botswana,2023,22.5663776397705
Belarus,2016,23.1693096160889
Belarus,2017,23.6053371429443
Belarus,2018,23.9419326782227
Belarus,2019,24.0743770599365
Belarus,2020,23.5610961914063
Belarus,2021,23.9050827026367
Belarus,2022,24.129753112793
Belarus,2023,24.2702407836914
Belize,1993,22.7679958343506
Belize,1994,23.1672916412354
Belize,1996,20.4352283477783
Belize,1997,22.3076229095459
Belize,1998,20.5205860137939
Belize,1999,22.1470546722412
Belize,2013,24.8056259155273
Belize,2014,26.0524806976318
Belize,2015,26.7110462188721
Belize,2016,26.9121971130371
Belize,2017,25.8430824279785
Belize,2018,26.7702503204346
Belize,2019,26.4120635986328
Canada,1976,20.177173614502
Canada,1977,20.0734100341797
Canada,1978,20.484691619873
Canada,1979,21.0017681121826
Canada,1980,20.8578262329102
Canada,1981,20.7748718261719
Canada,1982,19.7242584228516
Canada,1983,19.6381378173828
Canada,1984,19.9159698486328
Canada,1985,20.4153366088867
Canada,1986,20.7697601318359
Canada,1987,21.0014705657959
Canada,1988,21.725959777832
Canada,1989,22.2007446289063
Canada,1990,21.696418762207
Canada,1991,20.601432800293
Canada,1992,19.8107070922852
Canada,1993,19.9162139892578
Canada,1994,20.341480255127
Canada,1995,20.3024120330811
Canada,1996,20.3614749908447
Canada,1997,20.532018661499
Canada,1998,20.6185741424561
Canada,1999,21.0711917877197
Canada,2000,21.4627113342285
Canada,2001,21.0002555847168
Canada,2002,21.0560722351074
Canada,2003,20.92529296875
Canada,2004,21.1991767883301
Canada,2005,21.3591461181641
Canada,2006,21.2045612335205
Canada,2007,21.4352607727051
Canada,2008,21.2685050964355
Canada,2009,20.1268329620361
Canada,2010,20.3821887969971
Canada,2011,20.5268936157227
Canada,2012,20.6985950469971
Canada,2013,20.6199207305908
Canada,2014,20.2048892974854
Canada,2015,20.3718128204346
Canada,2016,20.2518711090088
Canada,2017,20.3065052032471
Canada,2018,20.6009082794189
Canada,2019,20.3806915283203
Canada,2020,18.2379837036133
Canada,2021,19.8326110839844
Canada,2022,20.2257614135742
Canada,2023,20.3750743865967
DR Congo,2005,25.9985122680664
DR Congo,2012,23.7260913848877
DR Congo,2020,20.8896713256836
Central African Republic,2008,24.9354457855225
Republic of the Congo,2005,22.2241916656494
Republic of the Congo,2011,23.8040447235107
Switzerland,1991,21.5544567108154
Switzerland,1992,21.3269119262695
Switzerland,1993,20.6234836578369
Switzerland,1994,20.5598297119141
Switzerland,1995,21.2178955078125
Switzerland,1996,22.4498500823975
Switzerland,1997,22.4638748168945
Switzerland,1998,23.0063304901123
Switzerland,1999,22.9599609375
Switzerland,2000,23.0215320587158
Switzerland,2001,22.9594440460205
Switzerland,2002,22.2776908874512
Switzerland,2003,22.1636486053467
Switzerland,2004,22.2916412353516
Switzerland,2005,22.1354312896729
Switzerland,2006,22.4360885620117
Switzerland,2007,22.3299312591553
Switzerland,2008,22.8043918609619
Switzerland,2009,22.1548919677734
Switzerland,2010,21.2535133361816
Switzerland,2011,21.3106632232666
Switzerland,2012,21.0688591003418
Switzerland,2013,20.8850231170654
Switzerland,2014,20.6685619354248
Switzerland,2015,20.894458770752
Switzerland,2016,21.2550449371338
Switzerland,2017,20.9649124145508
Switzerland,2018,20.9592838287354
Switzerland,2019,20.9076194763184
Switzerland,2020,19.9685897827148
Switzerland,2021,20.7300586700439
Switzerland,2022,21.1568431854248
Cote d'Ivoire,2002,33.7649841308594
Cote d'Ivoire,2012,32.4030418395996
Cote d'Ivoire,2019,25.7751293182373
Cote d'Ivoire,2022,27.6727561950684
Chile,1990,23.7329788208008
Chile,1992,25.2724933624268
Chile,1994,24.5970516204834
Chile,1996,24.6209392547607
Chile,1998,23.6446380615234
Chile,2000,24.0992202758789
Chile,2006,23.6100463867188
Chile,2009,21.5502262115479
Chile,2010,22.041187286377
Chile,2011,22.5966053009033
Chile,2012,22.493932723999
Chile,2013,22.54909324646
Chile,2014,22.257740020752
Chile,2015,22.3528079986572
Chile,2016,22.1031017303467
Chile,2018,22.003833770752
Chile,2019,21.7652263641357
Chile,2020,18.1247692108154
Chile,2021,19.563383102417
Chile,2022,21.1765441894531
Chile,2023,21.2769508361816
Cameroon,2005,36.2593193054199
Cameroon,2010,34.6069030761719
Cameroon,2014,31.2246856689453
China,2013,29.4824810028076
China,2018,29.9095153808594
Colombia,2000,26.4789848327637
Colombia,2001,27.0333461761475
Colombia,2003,27.812463760376
Colombia,2004,27.3376293182373
Colombia,2007,27.3422832489014
Colombia,2008,26.9218826293945
Colombia,2009,27.3912353515625
Colombia,2010,27.8505001068115
Colombia,2011,28.1924819946289
Colombia,2012,28.4369316101074
Colombia,2013,28.3919315338135
Colombia,2014,28.4874572753906
Colombia,2015,28.4796581268311
Colombia,2016,28.2069759368897
Colombia,2017,27.9269218444824
Colombia,2018,27.5847835540772
Colombia,2019,27.0071487426758
Colombia,2020,23.6404495239258
Colombia,2021,24.8914833068848
Colombia,2022,25.592227935791
Costa Rica,1984,21.541187286377
Costa Rica,1989,24.5179843902588
Costa Rica,1990,24.845495223999
Costa Rica,1991,23.3682899475098
Costa Rica,1992,24.3335952758789
Costa Rica,1993,24.7302207946777
Costa Rica,1994,25.0604629516602
Costa Rica,1995,24.8587284088135
Costa Rica,1996,24.1938591003418
Costa Rica,1997,24.9660835266113
Costa Rica,1998,25.6068305969238
Costa Rica,1999,25.5452613830566
Costa Rica,2000,24.8901100158691
Costa Rica,2001,26.7112197875977
Costa Rica,2002,26.3426284790039
Costa Rica,2003,26.2524185180664
Costa Rica,2004,25.930362701416
Costa Rica,2005,26.5468673706055
Costa Rica,2006,26.4650726318359
Costa Rica,2007,27.5146636962891
Costa Rica,2008,27.1962013244629
Costa Rica,2009,25.5906085968018
Costa Rica,2010,23.8845233917236
Costa Rica,2011,24.4223308563232
Costa Rica,2012,25.5308170318604
Costa Rica,2013,24.491849899292
Costa Rica,2014,24.3743534088135
Costa Rica,2015,24.1506786346436
Costa Rica,2016,23.5908641815186
Costa Rica,2017,23.4549198150635
Costa Rica,2018,23.4845218658447
Costa Rica,2019,23.1947689056397
Costa Rica,2020,19.0402812957764
Costa Rica,2021,21.2244491577148
Costa Rica,2022,22.8447113037109
Costa Rica,2023,21.9977741241455
Cabo Verde,2007,19.6863231658936
Cabo Verde,2009,21.7138118743897
Cabo Verde,2015,17.6032581329346
Cyprus,2000,21.8531951904297
Cyprus,2001,22.2487182617188
Cyprus,2002,22.3423461914063
Cyprus,2003,22.3586959838867
Cyprus,2004,22.3298416137695
Cyprus,2005,21.9138603210449
Cyprus,2006,22.1701583862305
Cyprus,2007,22.5768184661865
Cyprus,2008,22.5020942687988
Cyprus,2009,21.5460147857666
Cyprus,2010,21.6152935028076
Cyprus,2011,20.9819297790527
Cyprus,2012,20.1785507202148
Cyprus,2013,18.6701850891113
Cyprus,2014,18.7933673858643
Cyprus,2015,18.6109867095947
Cyprus,2016,18.9779167175293
Cyprus,2017,19.4700298309326
Cyprus,2018,20.3048229217529
Cyprus,2019,20.5748767852783
Cyprus,2020,18.5750770568848
Cyprus,2021,20.0882720947266
Cyprus,2022,20.9682655334473
Czech Republic,1993,23.3580760955811
Czech Republic,1994,23.4329586029053
Czech Republic,1995,23.7128162384033
Czech Republic,1996,23.7208690643311
Czech Republic,1997,23.3718376159668
Czech Republic,1998,22.9956722259522
Czech Republic,1999,22.5378932952881
Czech Republic,2000,22.3439178466797
Czech Republic,2001,21.3489570617676
Czech Republic,2002,21.2557888031006
Czech Republic,2003,20.945348739624
Czech Republic,2004,20.8866500854492
Czech Republic,2005,21.2010517120361
Czech Republic,2006,21.278205871582
Czech Republic,2007,21.3643321990967
Czech Republic,2008,21.5578556060791
Czech Republic,2009,20.5806407928467
Czech Republic,2010,20.4366130828857
Czech Republic,2011,20.2843360900879
Czech Republic,2012,20.0891761779785
Czech Republic,2013,19.9489498138428
Czech Republic,2014,20.2052707672119
Czech Republic,2015,20.3262481689453
Czech Republic,2016,20.9845237731934
Czech Republic,2017,20.9930629730225
Czech Republic,2018,21.2005386352539
Czech Republic,2019,21.1041584014893
Czech Republic,2020,19.5478229522705
Czech Republic,2021,20.309383392334
Czech Republic,2022,20.4042472839355
Czech Republic,2023,20.2024669647217
Germany,1983,19.5550689697266
Germany,1984,19.7594394683838
Germany,1985,19.7210502624512
Germany,1986,20.1707954406738
Germany,1987,19.7401657104492
Germany,1988,19.9988765716553
Germany,1989,20.0758190155029
Germany,1990,20.5424098968506
Germany,1991,20.7893619537354
Germany,1992,20.5243473052979
Germany,1993,20.0346050262451
Germany,1994,19.814697265625
Germany,1995,19.6163139343262
Germany,1996,19.4549617767334
Germany,1997,19.1162109375
Germany,1998,19.004810333252
Germany,1999,19.1849403381348
Germany,2000,19.076940536499
Germany,2001,19.0564613342285
Germany,2002,18.7678966522217
Germany,2003,18.2020072937012
Germany,2004,17.7964496612549
Germany,2005,17.5281352996826
Germany,2006,17.9182319641113
Germany,2007,18.1326465606689
Germany,2008,18.2725734710693
Germany,2009,17.8139705657959
Germany,2010,17.8663520812988
Germany,2011,18.1513957977295
Germany,2012,18.0422344207764
Germany,2013,17.9340839385986
Germany,2014,18.0198612213135
Germany,2015,17.9366912841797
Germany,2016,18.446533203125
Germany,2017,18.3004302978516
Germany,2018,18.3562126159668
Germany,2019,18.5299282073975
Germany,2020,17.3206253051758
Germany,2021,17.5491466522217
Germany,2022,17.8184242248535
Djibouti,2012,25.4316654205322
Denmark,1984,19.3190631866455
Denmark,1985,19.9589233398438
Denmark,1986,20.316822052002
Denmark,1987,19.9974842071533
Denmark,1988,20.3533592224121
Denmark,1989,20.5402374267578
Denmark,1990,20.5423641204834
Denmark,1991,19.7438182830811
Denmark,1992,20.1527843475342
Denmark,1993,19.2778472900391
Denmark,1994,19.35715675354
Denmark,1995,18.5927772521973
Denmark,1996,18.8541240692139
Denmark,1997,19.8789138793945
Denmark,1998,18.9027061462402
Denmark,1999,20.4410495758057
Denmark,2000,19.2645492553711
Denmark,2001,19.9247570037842
Denmark,2002,20.3682556152344
Denmark,2003,19.487117767334
Denmark,2004,19.370548248291
Denmark,2005,19.3464298248291
Denmark,2006,19.219705581665
Denmark,2007,19.2708854675293
Denmark,2008,19.0511856079102
Denmark,2009,18.0290298461914
Denmark,2010,17.7162780761719
Denmark,2011,17.7469596862793
Denmark,2012,17.4848861694336
Denmark,2013,17.3417816162109
Denmark,2014,17.2924327850342
Denmark,2015,17.4350337982178
Denmark,2016,17.4283351898193
Denmark,2017,17.3962955474854
Denmark,2018,17.6929244995117
Denmark,2019,17.638744354248
Denmark,2020,17.07692527771
Denmark,2021,17.7751026153564
Denmark,2022,17.8923511505127
Dominican Republic,1996,22.2652072906494
Dominican Republic,1997,22.8725109100342
Dominican Republic,2000,24.3644866943359
Dominican Republic,2001,23.3810482025147
Dominican Republic,2002,23.0884437561035
Dominican Republic,2003,22.6834526062012
Dominican Republic,2004,22.9599266052246
Dominican Republic,2005,22.6501331329346
Dominican Republic,2006,22.9983806610107
Dominican Republic,2007,23.0082569122314
Dominican Republic,2008,23.0071201324463
Dominican Republic,2009,22.2498512268066
Dominican Republic,2010,22.5543804168701
Dominican Republic,2011,22.8797836303711
Dominican Republic,2012,23.3839454650879
Dominican Republic,2013,23.1847972869873
Dominican Republic,2014,23.6204586029053
Dominican Republic,2015,23.7208614349365
Dominican Republic,2016,23.9514350891113
Dominican Republic,2017,24.045072555542
Dominican Republic,2018,24.3493423461914
Dominican Republic,2019,24.379940032959
Dominican Republic,2020,19.6654968261719
Dominican Republic,2021,23.0141448974609
Dominican Republic,2022,24.125280380249
Dominican Republic,2023,24.2008419036865
Ecuador,1994,27.1208896636963
Ecuador,1997,27.063814163208
Ecuador,1999,26.7036018371582
Ecuador,2000,27.0496997833252
Ecuador,2001,29.4328079223633
Ecuador,2003,26.5070514678955
Ecuador,2004,27.1090354919434
Ecuador,2005,27.2327480316162
Ecuador,2006,27.4644622802734
Ecuador,2007,27.0672397613525
Ecuador,2008,26.9672012329102
Ecuador,2009,25.4294471740723
Ecuador,2010,24.761568069458
Ecuador,2011,24.5634212493897
Ecuador,2012,24.3444385528565
Ecuador,2013,23.9668350219727
Ecuador,2014,23.624137878418
Ecuador,2015,24.2875690460205
Ecuador,2016,23.7798576354981
Ecuador,2017,23.998836517334
Ecuador,2018,23.7563438415527
Ecuador,2019,22.9478492736816
Ecuador,2020,17.5746841430664
Ecuador,2021,21.2287635803223
Ecuador,2022,21.1722297668457
Ecuador,2023,21.36279296875
Estonia,1997,23.4885673522949
Estonia,1998,21.7476367950439
Estonia,1999,20.3746604919434
Estonia,2000,19.3329601287842
Estonia,2001,19.3681144714355
Estonia,2002,20.1227798461914
Estonia,2003,20.0457973480225
Estonia,2004,20.7541122436523
Estonia,2005,20.8727283477783
Estonia,2006,21.9758777618408
Estonia,2007,22.1786479949951
Estonia,2008,21.85129737854
Estonia,2009,18.4482822418213
Estonia,2010,18.1822528839111
Estonia,2011,19.8264827728272
Estonia,2012,20.0178050994873
Estonia,2013,20.0960559844971
Estonia,2014,20.2531242370605
Estonia,2015,20.7297954559326
Estonia,2016,20.9853572845459
Estonia,2017,21.3323802947998
Estonia,2018,21.1310863494873
Estonia,2019,20.9982299804688
Estonia,2020,19.8008995056152
Estonia,2021,19.8920154571533
Estonia,2022,20.433443069458
Egypt,2008,19.9167633056641
Egypt,2009,20.3561611175537
Egypt,2010,21.1248931884766
Egypt,2011,19.614782333374
Egypt,2012,19.4211044311523
Egypt,2013,19.3250064849854
Egypt,2015,19.106725692749
Egypt,2016,17.6615772247314
Egypt,2017,17.5134391784668
Egypt,2018,17.7852096557617
Egypt,2019,17.9804382324219
Egypt,2020,15.5085020065308
Egypt,2021,17.0369319915772
Egypt,2022,18.1533908843994
Egypt,2023,17.9894046783447
Spain,1986,14.2168855667114
Spain,1987,14.6149864196777
Spain,1988,14.5363130569458
Spain,1989,14.9507074356079
Spain,1990,15.2387495040894
Spain,1991,14.961817741394
Spain,1992,15.2321557998657
Spain,1993,14.6083717346191
Spain,1994,14.2856330871582
Spain,1995,14.3477897644043
Spain,1996,14.3726387023926
Spain,1997,14.9057445526123
Spain,1998,15.478874206543
Spain,1999,16.7429103851318
Spain,2000,16.9701728820801
Spain,2001,17.3377456665039
Spain,2002,17.899133682251
Spain,2003,17.7718639373779
Spain,2004,18.3456153869629
Spain,2005,19.3852424621582
Spain,2006,20.1870193481445
Spain,2007,19.940673828125
Spain,2008,19.4549541473389
Spain,2009,17.7650985717773
Spain,2010,17.290210723877
Spain,2011,17.0421867370605
Spain,2012,16.3801326751709
Spain,2013,15.9199075698853
Spain,2014,16.4307346343994
Spain,2015,17.0123596191406
Spain,2016,17.3909816741943
Spain,2017,17.6422595977783
Spain,2018,18.1488285064697
Spain,2019,18.1827793121338
Spain,2020,15.555477142334
Spain,2021,16.3017845153809
Spain,2022,16.6656532287598
Ethiopia,1999,18.3704128265381
Ethiopia,2005,24.7160530090332
Ethiopia,2013,24.4945831298828
Ethiopia,2021,19.5610389709473
Finland,1995,15.7080736160278
Finland,1996,17.2839317321777
Finland,1997,18.8109607696533
Finland,1998,18.1768798828125
Finland,1999,18.6861515045166
Finland,2000,18.364818572998
Finland,2001,18.341438293457
Finland,2002,18.5230617523193
Finland,2003,17.9089527130127
Finland,2004,18.0113506317139
Finland,2005,18.2948169708252
Finland,2006,17.9491100311279
Finland,2007,17.917516708374
Finland,2008,18.1829299926758
Finland,2009,17.0437450408936
Finland,2010,16.9894599914551
Finland,2011,17.2536869049072
Finland,2012,17.0052146911621
Finland,2013,16.7678489685059
Finland,2014,16.563419342041
Finland,2015,16.4194469451904
Finland,2016,16.7216911315918
Finland,2017,16.634241104126
Finland,2018,17.0161647796631
Finland,2019,17.0617713928223
Finland,2020,16.557804107666
Finland,2021,16.7976093292236
Finland,2022,16.9732990264893
France,1968,24.4959087371826
France,1969,24.0025463104248
France,1970,23.4520168304443
France,1971,23.1695423126221
France,1972,23.2696380615234
France,1973,23.1442012786865
France,1974,23.01979637146
France,1975,21.8054866790771
France,1976,21.7480087280273
France,1977,21.7229881286621
France,1978,21.3521404266357
France,1979,21.1443901062012
France,1980,21.0654182434082
France,1981,20.5614566802979
France,1982,19.5246601104736
France,1983,19.8803195953369
France,1984,19.5760917663574
France,1985,19.2393741607666
France,1986,19.0634460449219
France,1987,18.7182464599609
France,1988,18.98313331604
France,1989,19.2045421600342
France,1990,18.7471294403076
France,1991,18.1950836181641
France,1992,17.8953113555908
France,1993,17.4614372253418
France,1994,17.2622776031494
France,1995,17.2447204589844
France,1996,17.0812892913818
France,1997,17.595682144165
France,1998,17.5125598907471
France,1999,17.8680744171143
France,2000,17.5269508361816
France,2001,17.872953414917
France,2002,17.7341270446777
France,2003,16.8434829711914
France,2004,16.6666946411133
France,2005,16.326717376709
France,2006,16.2668056488037
France,2007,16.5525703430176
France,2008,16.4178619384766
France,2009,15.9320220947266
France,2010,16.2985458374023
France,2011,16.1881065368652
France,2012,16.115306854248
France,2013,15.7619285583496
France,2014,15.5208711624146
France,2015,15.4233255386353
France,2016,15.7857732772827
France,2017,15.6136178970337
France,2018,15.7056703567505
France,2019,15.7316493988037
France,2020,14.6014204025269
France,2021,15.6100025177002
France,2022,16.1336116790772
Gabon,2005,23.5472927093506
Gabon,2017,20.5856494903564
UK,1983,17.9522953033447
UK,1984,17.5946750640869
UK,1985,18.1599826812744
UK,1986,18.1736831665039
UK,1987,18.3212490081787
UK,1988,19.2989025115967
UK,1989,19.8606834411621
UK,1990,19.798225402832
UK,1991,19.3171997070313
UK,1992,19.0106716156006
UK,1993,18.742790222168
UK,1994,18.9650650024414
UK,1995,19.2518424987793
UK,1996,19.3009967803955
UK,1997,19.4484596252441
UK,1998,19.5542469024658
UK,1999,19.5282077789307
UK,2000,19.6521739959717
UK,2001,19.7999801635742
UK,2002,19.7193126678467
UK,2003,19.4941234588623
UK,2004,19.5227661132813
UK,2005,19.5912189483643
UK,2006,19.3463382720947
UK,2007,19.4003810882568
UK,2008,19.4689064025879
UK,2009,18.9887752532959
UK,2010,18.6908283233643
UK,2011,18.5839385986328
UK,2012,18.91477394104
UK,2013,19.1288928985596
UK,2014,19.5667133331299
UK,2015,19.6164302825928
UK,2016,19.9120426177979
UK,2017,19.8448467254639
UK,2018,20.0118179321289
UK,2019,20.0287017822266
Grenada,2018,22.2577648162842
Grenada,2019,23.839542388916
Grenada,2020,19.0163116455078
Grenada,2021,21.8326759338379
Grenada,2023,24.8980903625488
Georgia,1999,13.9899311065674
Georgia,2000,13.9058475494385
Georgia,2001,13.9265823364258
Georgia,2008,13.0548315048218
Georgia,2009,14.8132085800171
Georgia,2011,15.1348495483398
Georgia,2012,15.725471496582
Georgia,2013,15.7772989273071
Georgia,2017,20.2104187011719
Georgia,2018,21.1078758239746
Georgia,2019,21.125524520874
Georgia,2020,15.3734617233276
Georgia,2021,15.5797119140625
Georgia,2022,17.0271377563477
Ghana,1987,24.6442890167236
Ghana,1989,23.0818519592285
Ghana,1991,25.3287525177002
Ghana,2006,27.8025379180908
Ghana,2017,27.6681365966797
Gambia,2012,30.8915729522705
Gambia,2018,31.3472805023193
Guinea,1994,32.2076148986816
Guinea,2007,30.2023963928223
Guinea,2012,27.2861480712891
Greece,1971,18.1909866333008
Greece,1981,18.4829425811768
Greece,1983,20.0820045471191
Greece,1984,19.2872581481934
Greece,1985,19.3719367980957
Greece,1986,19.2852058410645
Greece,1987,18.6114292144775
Greece,1988,18.8277435302734
Greece,1989,19.1726150512695
Greece,1990,18.77805519104
Greece,1991,18.5221977233887
Greece,1992,19.1622505187988
Greece,1993,19.1218147277832
Greece,1994,18.952018737793
Greece,1995,18.7873001098633
Greece,1996,18.6888771057129
Greece,1997,18.3115997314453
Greece,1998,19.2726211547852
Greece,1999,19.4510135650635
Greece,2000,19.4435844421387
Greece,2001,19.1584129333496
Greece,2002,19.472713470459
Greece,2003,19.7837047576904
Greece,2004,19.7506980895996
Greece,2005,19.3000793457031
Greece,2006,19.4225788116455
Greece,2007,19.2789688110352
Greece,2008,19.4007701873779
Greece,2009,18.9639644622803
Greece,2010,18.391996383667
Greece,2011,17.1237564086914
Greece,2012,15.5893354415894
Greece,2013,14.891788482666
Greece,2014,14.9055194854736
Greece,2015,15.3576669692993
Greece,2016,15.7174081802368
Greece,2017,16.0822296142578
Greece,2018,16.4423351287842
Greece,2019,16.7988033294678
Greece,2020,15.0012187957764
Greece,2021,16.8720989227295
Greece,2022,18.5878772735596
Guatemala,1989,25.9942951202393
Guatemala,2000,29.1316509246826
Guatemala,2002,27.7367858886719
Guatemala,2003,30.3429298400879
Guatemala,2004,27.265230178833
Guatemala,2006,28.8220825195313
Guatemala,2010,25.5731792449951
Guatemala,2011,26.1293716430664
Guatemala,2012,27.9168090820313
Guatemala,2013,25.0812397003174
Guatemala,2014,25.9269676208496
Guatemala,2015,26.3108100891113
Guatemala,2016,26.7754516601563
Guatemala,2017,26.4159965515137
Guatemala,2018,26.3024291992188
Guatemala,2019,26.2627429962158
Guatemala,2021,27.4793910980225
Guinea-Bissau,2018,26.454776763916
Guinea-Bissau,2019,28.6429576873779
Guinea-Bissau,2022,28.6126518249512
Guyana,2018,19.5248126983643
Guyana,2019,18.9481716156006
Honduras,1991,25.3047161102295
Honduras,1992,25.0214920043945
Honduras,1993,25.5748710632324
Honduras,1994,26.3195056915283
Honduras,1995,25.5628814697266
Honduras,1996,24.8249092102051
Honduras,1997,25.8689708709717
Honduras,1998,25.6430511474609
Honduras,1999,25.3119049072266
Honduras,2001,24.4489593505859
Honduras,2002,23.902135848999
Honduras,2003,22.134183883667
Honduras,2004,23.7890300750732
Honduras,2005,23.7702808380127
Honduras,2006,24.3543128967285
Honduras,2007,25.1399612426758
Honduras,2008,23.4724521636963
Honduras,2009,23.642183303833
Honduras,2010,23.3951797485352
Honduras,2011,24.4393672943115
Honduras,2012,24.0000953674316
Honduras,2013,23.9440174102783
Honduras,2014,24.6087894439697
Honduras,2015,24.7927341461182
Honduras,2016,25.1816139221191
Honduras,2017,25.1099052429199
Honduras,2018,26.3865242004395
Honduras,2019,25.4331703186035
Honduras,2020,21.3062171936035
Honduras,2021,22.6230602264404
Honduras,2022,22.2589797973633
Honduras,2023,23.3865222930908
Croatia,2002,16.7930965423584
Croatia,2003,16.8920211791992
Croatia,2004,17.1051464080811
Croatia,2005,16.3902378082275
Croatia,2006,16.4454116821289
Croatia,2007,17.8891735076904
Croatia,2008,18.2222175598145
Croatia,2009,18.0435562133789
Croatia,2010,17.4932708740234
Croatia,2011,16.8058681488037
Croatia,2012,16.0733013153076
Croatia,2013,15.528507232666
Croatia,2014,15.8514614105225
Croatia,2015,15.6376628875732
Croatia,2016,15.5934448242188
Croatia,2017,16.0936183929443
Croatia,2018,16.3557796478272
Croatia,2019,16.6013412475586
Croatia,2020,15.5734434127808
Croatia,2021,16.5178661346436
Croatia,2022,16.9033946990967
Haiti,2001,15.9307527542114
Haiti,2007,18.9937477111816
Haiti,2012,18.6346321105957
Hungary,1991,18.2774600982666
Hungary,1994,18.0469207763672
Hungary,1996,17.3003196716309
Hungary,1997,17.6120414733887
Hungary,1998,17.6491317749023
Hungary,1999,18.7709922790527
Hungary,2000,18.550479888916
Hungary,2001,18.5333347320557
Hungary,2002,18.6483573913574
Hungary,2003,18.5282154083252
Hungary,2004,18.4114856719971
Hungary,2005,17.9847621917725
Hungary,2006,18.0679779052734
Hungary,2007,17.9359931945801
Hungary,2008,17.7317924499512
Hungary,2009,17.1393222808838
Hungary,2010,17.1752262115479
Hungary,2011,17.1451988220215
Hungary,2012,17.1382884979248
Hungary,2013,17.5642051696777
Hungary,2014,18.4525699615479
Hungary,2015,18.9017162322998
Hungary,2016,19.9734687805176
Hungary,2017,20.1296577453613
Hungary,2018,20.0201435089111
Hungary,2019,20.3150100708008
Hungary,2020,19.3930435180664
Hungary,2021,19.9077796936035
Hungary,2022,20.6258792877197
Indonesia,1976,23.0752925872803
Indonesia,1986,23.3845405578613
Indonesia,1988,24.7979583740234
Indonesia,1990,24.9244003295898
Indonesia,1991,24.9910755157471
Indonesia,1992,24.4718704223633
Indonesia,1993,24.3933372497559
Indonesia,1994,24.5645008087158
Indonesia,1996,24.3014965057373
Indonesia,1997,24.7406063079834
Indonesia,1998,24.0126800537109
Indonesia,1999,24.2176322937012
Indonesia,2000,24.8818035125732
Indonesia,2001,25.1551952362061
Indonesia,2002,24.2464847564697
Indonesia,2003,23.9952716827393
Indonesia,2004,24.584888458252
Indonesia,2005,23.6783638000488
Indonesia,2006,23.9058456420898
Indonesia,2007,24.974308013916
Indonesia,2008,25.1528301239014
Indonesia,2009,25.2732791900635
Indonesia,2010,25.7554492950439
Indonesia,2011,25.7623748779297
Indonesia,2012,25.739538192749
Indonesia,2013,24.48703956604
Indonesia,2014,25.5038585662842
Indonesia,2015,25.82248878479
Indonesia,2016,26.1333293914795
Indonesia,2017,26.5500984191895
Indonesia,2018,26.3738479614258
Indonesia,2019,26.5393772125244
Indonesia,2020,25.2675704956055
Indonesia,2021,24.1427268981934
Indonesia,2022,25.4460697174072
Indonesia,2023,25.8879127502441
Ireland,1983,19.6469612121582
Ireland,1984,18.3511066436768
Ireland,1985,18.417142868042
Ireland,1986,18.6196632385254
Ireland,1987,17.851692199707
Ireland,1988,18.4018516540527
Ireland,1989,18.705982208252
Ireland,1990,19.0426406860352
Ireland,1991,18.7272968292236
Ireland,1992,17.4948692321777
Ireland,1993,17.2004375457764
Ireland,1994,17.5882415771484
Ireland,1995,17.7211971282959
Ireland,1996,18.3444004058838
Ireland,1997,18.4965038299561
Ireland,1998,19.6923294067383
Ireland,1999,20.4961376190186
Ireland,2000,20.9715766906738
Ireland,2001,20.9712219238281
Ireland,2002,20.8345165252686
Ireland,2003,20.4885082244873
Ireland,2004,20.4111404418945
Ireland,2005,20.9363288879395
Ireland,2006,21.0664882659912
Ireland,2007,21.4956436157227
Ireland,2008,20.4825973510742
Ireland,2009,18.0800476074219
Ireland,2010,17.2947998046875
Ireland,2011,16.9946327209473
Ireland,2012,16.8248176574707
Ireland,2013,17.4147644042969
Ireland,2014,17.8734569549561
Ireland,2015,18.1867542266846
Ireland,2016,18.873348236084
Ireland,2017,19.3813819885254
Ireland,2018,19.8913135528564
Ireland,2019,20.1139545440674
Ireland,2020,17.887243270874
Ireland,2021,21.0673274993896
Ireland,2022,20.0081081390381
Israel,1992,20.8233203887939
Israel,1997,20.7275009155273
Israel,2001,19.6020793914795
Israel,2002,18.4519290924072
Israel,2003,18.6065196990967
Israel,2004,18.9725494384766
Israel,2005,19.0967693328857
Israel,2006,19.3433208465576
Israel,2007,20.2858791351318
Israel,2008,20.4965190887451
Israel,2009,19.9310302734375
Israel,2010,20.4207305908203
Israel,2011,20.5428104400635
Israel,2012,21.9777202606201
Israel,2013,23.679500579834
Israel,2014,23.7252101898193
Israel,2015,24.9262294769287
Israel,2016,24.9999408721924
Israel,2017,25.3932800292969
Israel,2018,25.2261295318604
Israel,2019,23.8110103607178
Israel,2020,19.5948696136475
Israel,2021,20.5380592346191
India,2018,21.9745121002197
India,2019,23.0691299438477
India,2020,22.5976581573486
India,2021,22.8362827301025
India,2022,23.2892093658447
India,2023,24.4802303314209
Iraq,2006,14.851243019104
Iraq,2007,15.2395391464233
Iraq,2012,15.6079263687134
Iran,2005,18.7337894439697
Iran,2006,18.755895614624
Iran,2007,18.6237735748291
Iran,2008,17.6034049987793
Iran,2009,16.9980125427246
Iran,2010,16.29079246521
Iran,2011,15.966682434082
Iran,2012,16.2639770507813
Iran,2013,16.4116516113281
Iran,2014,15.9180583953857
Iran,2015,16.5836524963379
Iran,2016,16.1332912445068
Iran,2017,17.1207408905029
Iran,2018,16.7005939483643
Iran,2019,17.4011116027832
Iran,2020,15.687445640564
Iran,2021,16.1576595306397
Iran,2022,15.9544916152954
Iran,2023,17.3292274475098
Iceland,1995,30.8236103057861
Iceland,1996,31.522144317627
Iceland,1997,31.1446094512939
Iceland,1998,31.4118213653564
Iceland,1999,32.9042053222656
Iceland,2000,34.1681861877441
Iceland,2001,33.4693756103516
Iceland,2002,31.9986763000488
Iceland,2003,30.1758346557617
Iceland,2004,29.7657146453857
Iceland,2005,29.313835144043
Iceland,2006,29.5279712677002
Iceland,2007,29.4330139160156
Iceland,2008,29.0340614318848
Iceland,2009,25.9194736480713
Iceland,2010,25.547269821167
Iceland,2011,25.9091606140137
Iceland,2012,26.0678596496582
Iceland,2013,26.3829364776611
Iceland,2014,27.8661155700684
Iceland,2015,28.6334247589111
Iceland,2016,29.2647743225098
Iceland,2017,28.6653995513916
Iceland,2018,28.145866394043
Iceland,2019,27.3031330108643
Iceland,2020,25.1708087921143
Iceland,2022,21.8297309875488
Italy,1983,17.7569351196289
Italy,1984,17.1211376190186
Italy,1985,17.1429004669189
Italy,1986,17.1156063079834
Italy,1987,16.9141998291016
Italy,1988,17.0558261871338
Italy,1989,16.9215526580811
Italy,1990,17.1155261993408
Italy,1991,17.3427581787109
Italy,1992,16.5148429870605
Italy,1993,16.3185806274414
Italy,1994,15.8780250549316
Italy,1995,15.7041358947754
Italy,1996,15.4447078704834
Italy,1997,15.7434015274048
Italy,1998,15.7836017608643
Italy,1999,15.9494924545288
Italy,2000,16.1115589141846
Italy,2001,16.2703475952148
Italy,2002,14.9510326385498
Italy,2003,16.6340351104736
Italy,2004,17.1324481964111
Italy,2005,16.0925750732422
Italy,2006,16.068042755127
Italy,2007,16.1036396026611
Italy,2008,15.9261417388916
Italy,2009,15.179479598999
Italy,2010,15.2294654846191
Italy,2011,15.165976524353
Italy,2012,14.6722545623779
Italy,2013,14.3039455413818
Italy,2014,14.2902488708496
Italy,2015,14.4765777587891
Italy,2016,14.8612623214722
Italy,2017,15.0757083892822
Italy,2018,15.2578563690186
Italy,2019,15.3263311386108
Italy,2020,13.5656223297119
Italy,2021,14.8217239379883
Italy,2022,15.3494358062744
Jamaica,1990,23.392370223999
Jamaica,1996,24.6756362915039
Jamaica,1999,23.5968723297119
Jamaica,2002,22.139461517334
Jamaica,2008,24.5374984741211
Jamaica,2009,24.985767364502
Jamaica,2010,24.3037242889404
Jamaica,2011,23.902286529541
Jamaica,2012,23.9336051940918
Jamaica,2013,23.4288864135742
Jamaica,2014,23.5132484436035
Jamaica,2016,24.7629375457764
Jamaica,2017,25.3910503387451
Jamaica,2018,25.7164039611816
Jamaica,2019,26.4347686767578
Jamaica,2020,24.1970634460449
Jamaica,2021,25.1212902069092
Jamaica,2022,26.8936195373535
Jamaica,2023,27.9831466674805
Jordan,2000,16.3000583648682
Jordan,2001,15.836277961731
Jordan,2002,15.7139949798584
Jordan,2003,14.2068862915039
Jordan,2004,15.1590175628662
Jordan,2005,15.8060331344605
Jordan,2006,15.2667474746704
Jordan,2007,17.5678005218506
Jordan,2008,16.2106170654297
Jordan,2009,16.6527519226074
Jordan,2010,16.3003101348877
Jordan,2011,15.6622753143311
Jordan,2012,15.2841548919678
Jordan,2013,14.5315990447998
Jordan,2014,14.1504993438721
Jordan,2016,15.5293874740601
Jordan,2017,15.5853853225708
Jordan,2018,14.9163112640381
Jordan,2019,15.4991369247437
Jordan,2020,15.3552694320679
Jordan,2021,14.4469652175903
Jordan,2022,15.0509300231934
Jordan,2023,16.2228622436523
Japan,2000,24.977331161499
Japan,2001,24.383113861084
Japan,2002,23.9605159759522
Japan,2003,23.7055644989014
Japan,2004,23.724365234375
Japan,2005,23.6832580566406
Japan,2006,23.6632957458496
Japan,2007,23.417121887207
Japan,2008,23.0709915161133
Japan,2009,22.339168548584
Japan,2010,22.2796688079834
Japan,2011,22.2081146240234
Japan,2012,22.1405544281006
Japan,2013,21.9411926269531
Japan,2014,21.8818607330322
Japan,2015,21.9027328491211
Japan,2016,21.99489402771
Japan,2017,22.2998065948486
Japan,2018,22.2253646850586
Japan,2019,22.2239570617676
Japan,2020,21.1682987213135
Japan,2021,21.3651695251465
Japan,2022,21.6255683898926
Kenya,1999,25.7460308074951
Kenya,2005,22.1824722290039
Kenya,2016,29.1583518981934
Kenya,2021,25.0852909088135
Kyrgyzstan,1997,21.3472518920898
Kyrgyzstan,2010,20.7819290161133
Kyrgyzstan,2011,21.1398220062256
Kyrgyzstan,2012,20.9798049926758
Kyrgyzstan,2013,20.356071472168
Kyrgyzstan,2014,20.709846496582
Kyrgyzstan,2015,21.3082866668701
Kyrgyzstan,2016,21.5058479309082
Kyrgyzstan,2017,21.2049160003662
Kyrgyzstan,2018,21.8384780883789
Kyrgyzstan,2019,21.8681621551514
Kyrgyzstan,2020,20.116943359375
Kyrgyzstan,2021,22.0109577178955
Kyrgyzstan,2022,22.2972717285156
Kyrgyzstan,2023,21.6594848632813
Cambodia,2000,37.2593002319336
Cambodia,2001,37.0300521850586
Cambodia,2012,31.1716995239258
Cambodia,2019,35.3029479980469
Kiribati,2020,11.049298286438
Kiribati,2023,15.5022869110107
Comoros,2004,11.3978271484375
Comoros,2014,18.3370037078857
Comoros,2021,20.1684665679932
Korea,2000,29.6325435638428
Korea,2001,29.81711769104
Korea,2002,29.9560070037842
Korea,2003,29.2109889984131
Korea,2004,29.2786369323731
Korea,2005,28.8297157287598
Korea,2006,28.7899551391602
Korea,2007,28.3652153015137
Korea,2008,27.5347766876221
Korea,2009,27.0286026000977
Korea,2010,26.631778717041
Korea,2011,26.0452213287354
Korea,2012,26.6337947845459
Korea,2013,25.8165969848633
Korea,2014,26.5884132385254
Korea,2015,26.4864749908447
Korea,2016,26.0784664154053
Korea,2017,26.0782699584961
Korea,2018,25.2320156097412
Korea,2019,24.833911895752
Korea,2020,23.4490528106689
Korea,2021,23.5502777099609
Korea,2022,23.7835369110107
Korea,2023,24.3516998291016
Kosovo,2003,8.25173950195313
Kosovo,2004,8.80362796783447
Kosovo,2005,9.12785339355469
Kosovo,2008,9.24932193756104
Kosovo,2012,9.26156330108643
Kosovo,2013,10.4075336456299
Kosovo,2014,10.1210536956787
Kosovo,2015,9.63509368896484
Kosovo,2016,10.5851917266846
Kosovo,2017,11.5143642425537
Kosovo,2018,11.3886365890503
Kosovo,2019,11.2664747238159
Kosovo,2020,9.4322452545166
Kosovo,2021,11.4435634613037
Kosovo,2022,12.5698938369751
Kosovo,2023,13.078706741333
Kazakhstan,1996,17.855188369751
Kazakhstan,2016,22.604133605957
Lao PDR,2022,29.8444938659668
Lebanon,2004,19.4794692993164
Lebanon,2011,20.2557678222656
Lebanon,2019,20.4781455993652
Sri Lanka,1992,19.6010227203369
Sri Lanka,1993,20.4923648834229
Sri Lanka,1994,20.7373447418213
Sri Lanka,1995,20.3986930847168
Sri Lanka,1998,22.3364219665527
Sri Lanka,1999,22.05712890625
Sri Lanka,2000,21.8509712219238
Sri Lanka,2001,22.5384693145752
Sri Lanka,2002,22.3907508850098
Sri Lanka,2003,21.2939414978027
Sri Lanka,2004,22.0364551544189
Sri Lanka,2006,23.5316772460938
Sri Lanka,2007,23.116849899292
Sri Lanka,2008,22.7259044647217
Sri Lanka,2010,21.867919921875
Sri Lanka,2011,21.5018997192383
Sri Lanka,2013,21.9792594909668
Sri Lanka,2014,21.957010269165
Sri Lanka,2015,22.0506019592285
Sri Lanka,2016,22.858283996582
Sri Lanka,2017,22.9995880126953
Sri Lanka,2018,21.3791656494141
Sri Lanka,2019,21.1843070983887
Sri Lanka,2020,17.9898414611816
Sri Lanka,2021,18.6049041748047
Sri Lanka,2022,19.375768661499
Liberia,2010,26.6913890838623
Lesotho,2019,24.7718715667725
Lithuania,1998,21.0769290924072
Lithuania,1999,20.9244728088379
Lithuania,2000,19.3200798034668
Lithuania,2001,18.6813354492188
Lithuania,2002,19.5285758972168
Lithuania,2003,19.6922206878662
Lithuania,2004,19.0379619598389
Lithuania,2005,19.0270290374756
Lithuania,2006,19.1397361755371
Lithuania,2007,19.849157333374
Lithuania,2008,19.7871398925781
Lithuania,2009,17.726053237915
Lithuania,2010,17.1692695617676
Lithuania,2011,17.6365928649902
Lithuania,2012,18.1301593780518
Lithuania,2013,18.4668941497803
Lithuania,2014,18.9433441162109
Lithuania,2015,19.5202407836914
Lithuania,2016,20.380615234375
Lithuania,2017,20.2472553253174
Lithuania,2018,20.8602733612061
Lithuania,2019,21.0487823486328
Lithuania,2020,19.8248825073242
Lithuania,2021,20.374626159668
Lithuania,2022,20.8384418487549
Luxembourg,1983,19.0909481048584
Luxembourg,1984,19.1532249450684
Luxembourg,1985,19.5016574859619
Luxembourg,1986,19.473669052124
Luxembourg,1987,19.6610202789307
Luxembourg,1988,19.5579128265381
Luxembourg,1989,19.3829517364502
Luxembourg,1990,19.0050354003906
Luxembourg,1991,19.6842803955078
Luxembourg,1992,20.0529823303223
Luxembourg,1993,19.7928924560547
Luxembourg,1994,19.3119564056397
Luxembourg,1995,18.7861137390137
Luxembourg,1996,18.5852661132813
Luxembourg,1997,18.8536033630371
Luxembourg,1998,18.8662700653076
Luxembourg,1999,19.2240715026855
Luxembourg,2000,19.6915645599365
Luxembourg,2001,19.6504287719727
Luxembourg,2002,19.851806640625
Luxembourg,2003,17.6590747833252
Luxembourg,2004,17.4853343963623
Luxembourg,2005,17.707820892334
Luxembourg,2006,16.9456882476807
Luxembourg,2007,17.58323097229
Luxembourg,2008,16.6214637756348
Luxembourg,2009,18.518985748291
Luxembourg,2010,18.5192375183105
Luxembourg,2011,18.0775337219238
Luxembourg,2012,18.8140754699707
Luxembourg,2013,18.5256156921387
Luxembourg,2014,19.1349716186523
Luxembourg,2015,19.6585674285889
Luxembourg,2016,19.4087219238281
Luxembourg,2017,19.2234840393066
Luxembourg,2018,19.5483589172363
Luxembourg,2019,19.7288761138916
Luxembourg,2020,18.4369373321533
Luxembourg,2021,18.7958812713623
Luxembourg,2022,19.9269027709961
Latvia,1998,21.1415309906006
Latvia,1999,20.9215450286865
Latvia,2000,20.3720664978027
Latvia,2001,20.3832817077637
Latvia,2002,20.9007148742676
Latvia,2003,20.9756717681885
Latvia,2004,20.3710613250732
Latvia,2005,21.1031970977783
Latvia,2006,22.3167915344238
Latvia,2007,22.6935729980469
Latvia,2008,21.7178974151611
Latvia,2009,18.4638710021973
Latvia,2010,17.5062465667725
Latvia,2011,18.2542705535889
Latvia,2012,18.7216701507568
Latvia,2013,19.5009059906006
Latvia,2014,19.822473526001
Latvia,2015,19.8493556976318
Latvia,2016,20.0671272277832
Latvia,2017,20.2344245910645
Latvia,2018,21.0678062438965
Latvia,2019,20.8379344940186
Latvia,2020,20.2225151062012
Latvia,2021,19.5822639465332
Latvia,2022,20.9043636322021
Morocco,1991,21.3844203948975
Morocco,2000,19.786153793335
Morocco,2001,19.315299987793
Morocco,2002,19.2734489440918
Morocco,2003,19.6285800933838
Morocco,2004,20.0612297058105
Morocco,2005,19.9289226531982
Morocco,2006,19.9933490753174
Morocco,2007,20.1549625396729
Morocco,2008,20.7404479980469
Morocco,2009,20.6855792999268
Morocco,2018,18.8881092071533
Moldova,2000,18.5153713226318
Moldova,2001,18.2907733917236
Moldova,2002,18.0502090454102
Moldova,2003,16.9772968292236
Moldova,2004,16.8490791320801
Moldova,2005,16.7667217254639
Moldova,2006,16.795295715332
Moldova,2007,16.3936309814453
Moldova,2008,16.2651424407959
Moldova,2009,15.1551446914673
Moldova,2010,14.5574560165405
Moldova,2011,15.3563137054443
Moldova,2012,14.6765222549438
Moldova,2013,14.866114616394
Moldova,2014,15.6798915863037
Moldova,2015,15.6988468170166
Moldova,2016,15.7043037414551
Moldova,2017,15.7643432617188
Moldova,2018,13.5888471603394
Moldova,2019,15.3855962753296
Moldova,2020,13.9736166000366
Moldova,2021,15.3445882797241
Moldova,2022,15.8120031356812
Moldova,2023,16.6581554412842
Montenegro,2005,13.9870138168335
Montenegro,2006,13.5086650848389
Montenegro,2011,15.6238307952881
Montenegro,2012,16.9423656463623
Montenegro,2013,17.1401329040527
Montenegro,2014,17.7138290405273
Montenegro,2015,18.4436817169189
Montenegro,2016,18.6572914123535
Montenegro,2017,19.1027507781982
Montenegro,2018,20.2835292816162
Montenegro,2019,20.8844890594482
Montenegro,2020,17.0746402740479
Montenegro,2021,17.8137340545654
Montenegro,2022,22.051326751709
Montenegro,2023,23.9880638122559
Madagascar,1993,25.0758457183838
Madagascar,2005,31.1886882781982
Madagascar,2012,36.5563278198242
Madagascar,2015,32.5876846313477
Macedonia,2006,14.1429967880249
Macedonia,2007,14.8033599853516
Macedonia,2008,15.1257495880127
Macedonia,2009,15.1328315734863
Macedonia,2010,14.9089879989624
Macedonia,2011,15.1102895736694
Macedonia,2012,15.2829942703247
Macedonia,2013,16.0397033691406
Macedonia,2014,16.251106262207
Macedonia,2015,16.542610168457
Macedonia,2016,16.9064693450928
Macedonia,2017,17.5194759368897
Macedonia,2018,17.4032211303711
Macedonia,2019,18.1596584320068
Macedonia,2020,16.0598564147949
Macedonia,2021,17.4409313201904
Macedonia,2022,17.2448577880859
Macedonia,2023,17.0058727264404
Mali,2010,30.1689987182617
Mali,2013,30.6965179443359
Mali,2014,28.5035285949707
Mali,2015,27.7210197448731
Mali,2016,26.3726177215576
Mali,2017,26.9409198760986
Mali,2018,26.555004119873
Mali,2019,26.3530387878418
Mali,2020,26.6351451873779
Mali,2022,26.3804817199707
Mali,2023,25.8453922271729
Myanmar,2010,33.7758178710938
Myanmar,2015,32.6218757629395
Myanmar,2017,29.7236042022705
Myanmar,2018,28.5139617919922
Myanmar,2019,27.7193183898926
Myanmar,2020,26.6495056152344
Mongolia,2002,25.8078231811523
Mongolia,2006,26.0758209228516
Mongolia,2007,26.1028747558594
Mongolia,2008,26.0880870819092
Mongolia,2010,26.5544757843018
Mongolia,2011,28.1107349395752
Mongolia,2012,27.4625816345215
Mongolia,2013,27.4581680297852
Mongolia,2014,28.0637302398682
Mongolia,2015,27.9490013122559
Mongolia,2016,26.6237201690674
Mongolia,2017,27.2405433654785
Mongolia,2018,28.5009536743164
Mongolia,2019,27.741512298584
Mongolia,2020,27.466760635376
Mongolia,2021,25.1531410217285
Mongolia,2022,25.9065685272217
Mauritania,2012,18.4136066436768
Mauritania,2019,19.7578411102295
Malta,2007,19.1288318634033
Malta,2008,19.7629737854004
Malta,2009,18.961368560791
Malta,2010,18.8635005950928
Malta,2011,18.674259185791
Malta,2012,19.2301712036133
Malta,2013,19.7846050262451
Malta,2014,20.0309200286865
Malta,2015,20.2780361175537
Malta,2016,21.3718681335449
Malta,2017,21.6331882476807
Malta,2018,22.4245376586914
Malta,2019,23.5349540710449
Malta,2020,21.7293128967285
Malta,2021,22.4908256530762
Malta,2022,23.3521823883057
Malta,2023,23.7407722473145
Mauritius,1999,21.7778034210205
Mauritius,2001,20.9147720336914
Mauritius,2002,21.373592376709
Mauritius,2003,21.9200134277344
Mauritius,2004,21.5975303649902
Mauritius,2005,21.5419540405273
Mauritius,2006,21.4427814483643
Mauritius,2007,21.0490112304688
Mauritius,2008,21.3546276092529
Mauritius,2009,21.2489147186279
Mauritius,2010,21.1221733093262
Mauritius,2011,21.5330257415771
Mauritius,2012,20.4500904083252
Mauritius,2013,20.3658695220947
Mauritius,2014,20.1047782897949
Mauritius,2015,20.2493858337402
Mauritius,2016,20.3627262115479
Mauritius,2017,20.678108215332
Mauritius,2018,19.492073059082
Mauritius,2019,20.6113376617432
Mauritius,2021,18.0895195007324
Mauritius,2022,20.4378204345703
Mauritius,2023,21.1400146484375
Maldives,2002,26.5561599731445
Maldives,2004,23.6676082611084
Maldives,2009,19.6587104797363
Maldives,2014,28.3186759948731
Maldives,2016,26.7977275848389
Maldives,2019,28.0524845123291
Malawi,2013,25.2392807006836
Mexico,1984,21.1366443634033
Mexico,1989,22.5940856933594
Mexico,1992,23.4586982727051
Mexico,1994,24.6012935638428
Mexico,1996,25.0708789825439
Mexico,1998,25.6432971954346
Mexico,2000,25.7561893463135
Mexico,2002,25.6713485717773
Mexico,2005,24.7010726928711
Mexico,2006,24.9176826477051
Mexico,2007,24.6430778503418
Mexico,2008,24.6253490447998
Mexico,2009,24.0370655059814
Mexico,2010,23.9746932983398
Mexico,2011,24.0740242004395
Mexico,2012,24.3528327941895
Mexico,2013,24.3585834503174
Mexico,2014,24.154239654541
Mexico,2015,24.3454418182373
Mexico,2016,24.5237731933594
Mexico,2017,24.5336399078369
Mexico,2018,24.6549053192139
Mexico,2019,24.6937637329102
Mexico,2020,22.2014980316162
Mexico,2021,23.3657169342041
Mexico,2022,24.2307624816895
Mexico,2023,24.4282684326172
Malaysia,2000,27.1668605804443
Malaysia,2010,26.1135063171387
Mozambique,2015,21.84055519104
Mozambique,2022,23.8068180084229
Namibia,2010,19.0772914886475
Namibia,2012,18.3154926300049
Namibia,2013,19.2265644073486
Namibia,2016,21.7390670776367
Namibia,2018,20.8787879943848
Niger,2014,26.990255355835
Niger,2019,26.4277458190918
Niger,2022,28.8189315795898
Nigeria,1993,28.0349826812744
Nigeria,2011,24.7612342834473
Nigeria,2019,26.9674530029297
Nicaragua,1993,23.221061706543
Nicaragua,1998,26.4369564056397
Nicaragua,2001,27.5298748016357
Nicaragua,2005,26.8711490631104
Nicaragua,2014,27.4720878601074
Netherlands,1983,15.9895515441895
Netherlands,1985,15.8130970001221
Netherlands,1987,16.0327205657959
Netherlands,1988,15.6831579208374
Netherlands,1989,15.743088722229
Netherlands,1990,16.4995517730713
Netherlands,1991,16.0068836212158
Netherlands,1992,16.0617332458496
Netherlands,1993,15.9997520446777
Netherlands,1994,16.1962947845459
Netherlands,1995,16.179256439209
Netherlands,1996,17.4406852722168
Netherlands,1997,17.9232616424561
Netherlands,1998,18.2615547180176
Netherlands,1999,18.5091361999512
Netherlands,2000,17.739372253418
Netherlands,2001,17.9851570129395
Netherlands,2002,17.5554428100586
Netherlands,2003,17.7681922912598
Netherlands,2004,17.3068313598633
Netherlands,2005,16.7769947052002
Netherlands,2006,17.2566394805908
Netherlands,2007,17.5717144012451
Netherlands,2008,17.8026885986328
Netherlands,2009,17.6860046386719
Netherlands,2010,17.2425842285156
Netherlands,2011,17.2502250671387
Netherlands,2012,16.9945373535156
Netherlands,2013,16.6219120025635
Netherlands,2014,16.7137584686279
Netherlands,2015,16.6671772003174
Netherlands,2016,16.9145107269287
Netherlands,2017,17.1209545135498
Netherlands,2018,17.2500381469727
Netherlands,2019,17.5211753845215
Netherlands,2020,16.8612155914307
Netherlands,2021,17.6339588165283
Netherlands,2022,18.0468139648438
Norway,1995,22.5867214202881
Norway,1996,22.5344848632813
Norway,1997,23.7485027313232
Norway,1998,21.4756278991699
Norway,1999,21.5911674499512
Norway,2000,20.0706787109375
Norway,2001,20.0669612884521
Norway,2002,21.0314044952393
Norway,2003,19.9754695892334
Norway,2004,20.0305213928223
Norway,2005,20.3886089324951
Norway,2006,20.6295776367188
Norway,2007,20.7172451019287
Norway,2008,21.1035785675049
Norway,2009,19.9834823608398
Norway,2010,19.9829349517822
Norway,2011,19.8981742858887
Norway,2012,19.968635559082
Norway,2013,19.6316032409668
Norway,2014,19.7866458892822
Norway,2015,19.6044769287109
Norway,2016,19.3802070617676
Norway,2017,19.1296768188477
Norway,2018,19.3568840026855
Norway,2019,18.451301574707
Norway,2020,16.837100982666
Norway,2021,17.5266952514648
Norway,2022,17.6787033081055
Nepal,1998,30.8914756774902
Nepal,2008,30.6412334442139
Panama,1980,21.1130065917969
Panama,1989,17.758020401001
Panama,1991,17.6530895233154
Panama,1995,21.025276184082
Panama,1997,21.3940563201904
Panama,1998,21.5274791717529
Panama,1999,21.7165031433105
Panama,2000,20.6655750274658
Panama,2001,21.5520839691162
Panama,2002,22.0989379882813
Panama,2003,22.3422546386719
Panama,2004,22.5422229766846
Panama,2005,22.681339263916
Panama,2006,23.4432487487793
Panama,2007,24.1050872802734
Panama,2008,24.9758739471436
Panama,2009,24.5443992614746
Panama,2010,24.0864391326904
Panama,2011,24.7549152374268
Panama,2012,24.580545425415
Panama,2013,24.9722805023193
Panama,2014,24.2990474700928
Panama,2015,24.425422668457
Panama,2016,23.8521900177002
Panama,2017,23.2825374603272
Panama,2018,23.223331451416
Panama,2019,23.3655853271484
Panama,2020,16.0014686584473
Panama,2021,18.7626495361328
Panama,2022,20.6477146148682
Panama,2023,21.3760528564453
Peru,1997,30.5275840759277
Peru,1999,28.4666557312012
Peru,2000,30.3228530883789
Peru,2001,29.3036270141602
Peru,2002,29.3538722991943
Peru,2003,30.5650253295898
Peru,2004,29.5853233337402
Peru,2005,28.8729286193848
Peru,2006,30.1334629058838
Peru,2007,31.7164344787598
Peru,2008,32.4268493652344
Peru,2009,32.103458404541
Peru,2010,32.0799713134766
Peru,2011,31.8885841369629
Peru,2012,31.8133792877197
Peru,2013,31.267599105835
Peru,2014,30.9519920349121
Peru,2015,30.8208808898926
Peru,2016,30.124719619751
Peru,2017,30.8264694213867
Peru,2018,31.2535018920898
Peru,2019,31.2579021453857
Peru,2020,24.1882362365723
Peru,2021,27.9248809814453
Peru,2022,30.7347011566162
Peru,2023,29.867338180542
Philippines,1988,25.5115737915039
Philippines,1989,25.8652153015137
Philippines,1990,25.5912971496582
Philippines,1991,25.3595771789551
Philippines,1992,25.1722259521484
Philippines,1993,24.8248748779297
Philippines,1994,25.0145530700684
Philippines,1995,24.9752349853516
Philippines,1996,24.8118743896484
Philippines,1997,24.6610317230225
Philippines,1998,23.6687698364258
Philippines,1999,23.6720447540283
Philippines,2000,23.5744380950928
Philippines,2001,24.2349586486816
Philippines,2002,23.722412109375
Philippines,2003,23.792293548584
Philippines,2004,23.8982734680176
Philippines,2005,24.1897487640381
Philippines,2006,23.7976474761963
Philippines,2007,24.1217308044434
Philippines,2008,24.1738796234131
Philippines,2009,23.8784160614014
Philippines,2010,24.311372756958
Philippines,2011,24.2916469573975
Philippines,2012,24.13356590271
Philippines,2013,24.3713912963867
Philippines,2014,24.0637626647949
Philippines,2015,24.027515411377
Philippines,2016,24.9440727233887
Philippines,2017,24.0226440429688
Philippines,2018,23.9828929901123
Philippines,2019,24.1769542694092
Philippines,2020,19.0158252716064
Philippines,2021,22.8170928955078
Philippines,2022,24.4467620849609
Pakistan,1973,22.7405128479004
Pakistan,1992,22.8247585296631
Pakistan,1999,21.9455451965332
Pakistan,2001,21.8491725921631
Pakistan,2003,21.9938068389893
Pakistan,2005,23.2713069915772
Pakistan,2007,23.7451000213623
Pakistan,2008,23.8132476806641
Pakistan,2009,23.9840412139893
Pakistan,2010,23.6268920898438
Pakistan,2012,23.3125762939453
Pakistan,2013,23.8245716094971
Pakistan,2014,23.9378871917725
Pakistan,2017,23.3000774383545
Pakistan,2018,22.9599323272705
Pakistan,2020,23.4382457733154
Pakistan,2021,23.4380531311035
Poland,1997,21.664041519165
Poland,1998,21.2119922637939
Poland,1999,18.7891616821289
Poland,2000,19.113733291626
Poland,2001,18.3818988800049
Poland,2002,17.9195518493652
Poland,2003,17.6489334106445
Poland,2004,17.7441577911377
Poland,2005,17.8560123443604
Poland,2006,18.2956657409668
Poland,2007,19.0500545501709
Poland,2008,19.6398677825928
Poland,2009,19.3583583831787
Poland,2010,19.1212272644043
Poland,2011,19.1884021759033
Poland,2012,19.1096248626709
Poland,2013,18.9888172149658
Poland,2014,19.4635314941406
Poland,2015,19.7448883056641
Poland,2016,20.0764675140381
Poland,2017,20.1358280181885
Poland,2018,19.9517498016357
Poland,2019,20.0215644836426
Poland,2020,19.2667026519775
Poland,2021,20.5466575622559
Poland,2022,20.7422943115234
Palestine,1998,15.089635848999
Palestine,1999,15.7381429672241
Palestine,2000,15.4038972854614
Palestine,2001,12.2123708724976
Palestine,2002,10.267897605896
Palestine,2003,12.1521005630493
Palestine,2004,12.2134189605713
Palestine,2005,12.8646287918091
Palestine,2006,12.5058135986328
Palestine,2007,12.1493721008301
Palestine,2008,12.4802370071411
Palestine,2009,13.0908250808716
Palestine,2010,12.9046268463135
Palestine,2011,13.5363731384277
Palestine,2012,12.6463937759399
Palestine,2013,13.8937044143677
Palestine,2014,13.747353553772
Palestine,2015,12.8374300003052
Palestine,2016,12.8278379440308
Palestine,2017,12.9219102859497
Palestine,2018,12.688591003418
Palestine,2019,13.0589714050293
Palestine,2020,10.6454906463623
Palestine,2021,12.5839147567749
Palestine,2022,13.3978748321533
Portugal,1986,21.7238616943359
Portugal,1987,22.4228038787842
Portugal,1988,22.7367076873779
Portugal,1989,23.0907077789307
Portugal,1990,23.2671318054199
Portugal,1991,23.147668838501
Portugal,1992,22.5125885009766
Portugal,1993,22.3818340301514
Portugal,1994,21.8835716247559
Portugal,1995,21.9529342651367
Portugal,1996,21.3225154876709
Portugal,1997,21.0496044158936
Portugal,1998,22.2436466217041
Portugal,1999,22.5914745330811
Portugal,2000,22.1721305847168
Portugal,2001,22.4178810119629
Portugal,2002,22.2474956512451
Portugal,2003,21.36745262146
Portugal,2004,21.7866554260254
Portugal,2005,20.8915634155273
Portugal,2006,20.8269309997559
Portugal,2007,20.5080852508545
Portugal,2008,20.5101852416992
Portugal,2009,19.7385578155518
Portugal,2010,19.4583549499512
Portugal,2011,18.4448261260986
Portugal,2012,17.5087642669678
Portugal,2013,17.0928783416748
Portugal,2014,17.5534038543701
Portugal,2015,17.8388347625732
Portugal,2016,17.7979354858398
Portugal,2017,18.4385147094727
Portugal,2018,18.8211154937744
Portugal,2019,19.0231094360352
Portugal,2020,16.8758106231689
Portugal,2021,18.4297714233398
Portugal,2022,19.3733425140381
Paraguay,1990,30.5346927642822
Paraguay,1997,28.1606693267822
Paraguay,1999,27.2287712097168
Paraguay,2001,26.9246253967285
Paraguay,2002,27.0920581817627
Paraguay,2003,28.1172561645508
Paraguay,2004,29.6677017211914
Paraguay,2005,30.706579208374
Paraguay,2006,29.2253875732422
Paraguay,2007,29.7220001220703
Paraguay,2008,30.2614936828613
Paraguay,2009,28.9614582061768
Paraguay,2010,29.0061779022217
Paraguay,2011,29.9032020568848
Paraguay,2012,29.7268943786621
Paraguay,2013,30.3606204986572
Paraguay,2014,28.6314334869385
Paraguay,2015,28.0565891265869
Paraguay,2016,28.5533065795898
Paraguay,2017,28.4293766021729
Paraguay,2018,28.2434215545654
Paraguay,2019,28.2342033386231
Paraguay,2020,23.1309375762939
Paraguay,2021,26.9948081970215
Paraguay,2022,27.6839160919189
Paraguay,2023,28.4095687866211
Romania,1997,25.2450942993164
Romania,1998,24.385311126709
Romania,1999,24.137903213501
Romania,2000,24.0446147918701
Romania,2001,23.6332206726074
Romania,2002,21.7486362457275
Romania,2003,21.3400745391846
Romania,2004,20.9330711364746
Romania,2005,19.9699382781982
Romania,2006,20.1386795043945
Romania,2007,20.3161926269531
Romania,2008,20.2192668914795
Romania,2009,19.8053188323975
Romania,2010,19.8716602325439
Romania,2011,19.5263290405273
Romania,2012,19.7367534637451
Romania,2013,19.5913372039795
Romania,2014,19.7186393737793
Romania,2015,19.3785095214844
Romania,2016,19.4613952636719
Romania,2017,20.0995006561279
Romania,2018,20.2085247039795
Romania,2019,20.4489707946777
Romania,2020,19.4018154144287
Romania,2021,18.9115581512451
Romania,2022,19.0666751861572
Serbia,2007,20.391752243042
Serbia,2009,17.7999706268311
Serbia,2010,16.2313842773438
Serbia,2011,15.2682638168335
Serbia,2012,15.2865953445435
Serbia,2013,15.5184516906738
Serbia,2014,15.6213903427124
Serbia,2015,16.9198970794678
Serbia,2016,18.0728702545166
Serbia,2017,18.4494190216064
Serbia,2018,19.0073108673096
Serbia,2019,19.6269283294678
Serbia,2020,19.1861915588379
Serbia,2021,20.501953125
Serbia,2022,21.1264686584473
Serbia,2023,20.9752426147461
Russia,1994,19.980016708374
Russia,1995,20.6339416503906
Russia,1996,20.1606388092041
Russia,1998,18.1498012542725
Russia,2000,19.3260898590088
Russia,2001,19.5520248413086
Russia,2002,19.6987609863281
Russia,2003,19.5672912597656
Russia,2004,19.1968517303467
Russia,2005,19.1017055511475
Russia,2006,20.3866310119629
Russia,2007,21.0845241546631
Russia,2008,21.244514465332
Russia,2009,20.932466506958
Russia,2010,22.2057456970215
Russia,2011,21.4309711456299
Russia,2012,21.7484264373779
Russia,2013,21.789737701416
Russia,2014,21.6936855316162
Russia,2015,20.6968555450439
Russia,2016,20.8414688110352
Russia,2017,20.2972869873047
Russia,2018,20.1343479156494
Russia,2019,20.6688213348389
Russia,2020,20.1001644134521
Russia,2021,20.3096656799316
Rwanda,2013,22.8487339019775
Rwanda,2016,20.9372043609619
Sudan,2022,17.7711238861084
Sweden,1995,19.1789703369141
Sweden,1996,17.3104705810547
Sweden,1997,18.2417144775391
Sweden,1998,17.1114101409912
Sweden,1999,18.5774478912354
Sweden,2000,18.888916015625
Sweden,2001,18.2801742553711
Sweden,2002,18.4014739990234
Sweden,2003,17.7742881774902
Sweden,2004,17.9871063232422
Sweden,2005,17.7306594848633
Sweden,2006,17.8004169464111
Sweden,2007,18.2148399353027
Sweden,2008,18.2942047119141
Sweden,2009,17.3739547729492
Sweden,2010,19.8764419555664
Sweden,2011,20.1825332641602
Sweden,2012,20.0129718780518
Sweden,2013,19.9618072509766
Sweden,2014,20.1168441772461
Sweden,2015,20.0153846740723
Sweden,2016,20.5649394989014
Sweden,2017,20.6620216369629
Sweden,2018,20.7814960479736
Sweden,2019,20.5794887542725
Sweden,2020,19.5573635101318
Sweden,2021,18.2371139526367
Sweden,2022,18.6193523406982
Singapore,2021,28.474536895752
Singapore,2022,28.4574298858643
Singapore,2023,27.7653675079346
Slovenia,1996,21.5302257537842
Slovenia,1997,20.7159595489502
Slovenia,1998,20.9140720367432
Slovenia,1999,20.788782119751
Slovenia,2000,20.3760318756104
Slovenia,2001,20.3084411621094
Slovenia,2002,20.4922828674316
Slovenia,2003,19.8667106628418
Slovenia,2004,20.4955768585205
Slovenia,2005,20.1659927368164
Slovenia,2006,19.8833980560303
Slovenia,2007,20.3614768981934
Slovenia,2008,20.0256652832031
Slovenia,2009,19.2334213256836
Slovenia,2010,18.9014072418213
Slovenia,2011,18.329231262207
Slovenia,2012,18.2032012939453
Slovenia,2013,18.0007286071777
Slovenia,2014,18.1389198303223
Slovenia,2015,18.1146945953369
Slovenia,2016,18.0333824157715
Slovenia,2017,18.4291133880615
Slovenia,2018,18.9802494049072
Slovenia,2019,18.8444404602051
Slovenia,2020,17.7385425567627
Slovenia,2021,19.2264537811279
Slovenia,2022,19.2586078643799
Slovakia,1998,20.9447212219238
Slovakia,1999,20.0414695739746
Slovakia,2000,19.4167785644531
Slovakia,2001,19.4169692993164
Slovakia,2002,19.1826267242432
Slovakia,2003,19.6377010345459
Slovakia,2004,19.3572673797607
Slovakia,2005,19.4589786529541
Slovakia,2006,19.6095714569092
Slovakia,2007,20.0966854095459
Slovakia,2008,20.4389705657959
Slovakia,2009,19.1290721893311
Slovakia,2010,18.8979320526123
Slovakia,2011,18.9836158752441
Slovakia,2012,18.9439430236816
Slovakia,2013,18.8844680786133
Slovakia,2014,18.7773494720459
Slovakia,2015,19.158275604248
Slovakia,2016,19.6797218322754
Slovakia,2017,19.7774047851563
Slovakia,2018,20.0738887786865
Slovakia,2019,20.4060173034668
Slovakia,2020,18.4533824920654
Slovakia,2021,21.7486343383789
Slovakia,2022,19.865514755249
Sierra Leone,2003,28.3387508392334
Sierra Leone,2014,28.6142120361328
Senegal,1995,27.729679107666
Senegal,2011,25.3532600402832
Senegal,2019,24.7609100341797
Senegal,2022,23.1704769134522
Somalia,2017,16.6853656768799
Suriname,1999,21.0237503051758
Suriname,2016,19.272087097168
Sao Tome and Principe,2017,25.9294147491455
El Salvador,1991,25.235559463501
El Salvador,1995,25.6331024169922
El Salvador,1996,24.7987880706787
El Salvador,1998,25.8966789245606
El Salvador,1999,24.7635440826416
El Salvador,2000,25.1132640838623
El Salvador,2001,24.8207778930664
El Salvador,2002,24.3381099700928
El Salvador,2003,25.3421726226807
El Salvador,2004,24.9959125518799
El Salvador,2005,24.2707843780518
El Salvador,2006,25.1618213653564
El Salvador,2007,25.1828136444092
El Salvador,2008,25.15797996521
El Salvador,2009,24.3042488098145
El Salvador,2010,24.7684154510498
El Salvador,2011,25.0603752136231
El Salvador,2012,24.9802379608154
El Salvador,2013,25.5020580291748
El Salvador,2014,25.0443744659424
El Salvador,2015,24.8219528198242
El Salvador,2016,24.8052101135254
El Salvador,2017,24.6786842346191
El Salvador,2018,24.5890464782715
El Salvador,2019,25.3584308624268
El Salvador,2020,24.5182323455811
El Salvador,2021,25.1295394897461
El Salvador,2022,25.787971496582
El Salvador,2023,26.3572521209717
Syrian Arab Republic,2003,14.0766477584839
Swaziland,2016,17.2493057250977
Swaziland,2021,13.0953674316406
Swaziland,2023,13.540018081665
Chad,2003,15.1992807388306
Chad,2011,18.4979553222656
Chad,2018,25.4782123565674
Togo,2015,27.6311855316162
Togo,2017,25.4944648742676
Togo,2019,29.6931819915772
Togo,2022,28.2118549346924
Thailand,1977,39.8167037963867
Thailand,1978,40.854377746582
Thailand,1981,42.204273223877
Thailand,1982,37.5651550292969
Thailand,1983,42.4965438842774
Thailand,1984,42.6669311523438
Thailand,1985,37.517261505127
Thailand,1986,39.3914833068848
Thailand,1987,37.25341796875
Thailand,1988,38.9464225769043
Thailand,1989,39.1255187988281
Thailand,1990,40.6560249328613
Thailand,1991,38.1822319030762
Thailand,1992,38.0815277099609
Thailand,1993,38.1079483032227
Thailand,1994,36.4716415405273
Thailand,1995,36.6870040893555
Thailand,1996,36.0173187255859
Thailand,1997,35.8380279541016
Thailand,1998,33.2607154846191
Thailand,1999,33.1553230285645
Thailand,2000,33.494384765625
Thailand,2001,31.1845779418945
Thailand,2002,32.1201171875
Thailand,2003,32.1092338562012
Thailand,2004,32.2396354675293
Thailand,2005,32.1324729919434
Thailand,2006,32.0033226013184
Thailand,2007,32.0897827148438
Thailand,2008,32.2211151123047
Thailand,2009,32.1534996032715
Thailand,2010,32.1203765869141
Thailand,2011,32.3489761352539
Thailand,2012,31.908016204834
Thailand,2014,30.5016117095947
Thailand,2015,29.6683540344238
Thailand,2016,29.1810169219971
Thailand,2017,28.7861938476563
Thailand,2018,28.707597732544
Thailand,2019,28.2977657318115
Thailand,2020,27.1957168579102
Thailand,2021,27.1686916351318
Thailand,2022,28.2439804077148
Thailand,2023,28.6557636260986
Tajikistan,1999,15.0111865997314
Tajikistan,2003,25.0536003112793
Tajikistan,2007,19.2661018371582
Tajikistan,2009,16.309606552124
Tajikistan,2013,17.7788200378418
Tajikistan,2016,15.9860391616821
Timor-Leste,2001,22.7426452636719
Timor-Leste,2007,22.0255966186523
Timor-Leste,2010,18.619026184082
Timor-Leste,2013,21.8765468597412
Timor-Leste,2016,23.4173679351807
Tunisia,1997,17.7170333862305
Tunisia,2000,17.1834182739258
Tunisia,2001,18.6025733947754
Tunisia,2010,18.8173809051514
Tunisia,2014,15.3630886077881
Tunisia,2019,17.5181350708008
Tunisia,2021,25.8342323303223
Tonga,2009,16.7973537445068
Tonga,2018,18.6413707733154
Tonga,2021,20.3197765350342
Tonga,2023,16.6794700622559
Turkey,2000,21.3344821929932
Turkey,2001,21.7406272888184
Turkey,2002,21.2148513793945
Turkey,2003,20.5437431335449
Turkey,2004,20.0244007110596
Turkey,2005,20.8349380493164
Turkey,2006,20.8417205810547
Turkey,2007,19.9061794281006
Turkey,2008,20.192943572998
Turkey,2009,19.3322982788086
Turkey,2010,19.8011245727539
Turkey,2011,20.6322288513184
Turkey,2012,21.205493927002
Turkey,2013,20.8748054504395
Turkey,2014,20.7295608520508
Turkey,2015,20.8711128234863
Turkey,2016,20.8009834289551
Turkey,2017,21.8987102508545
Turkey,2018,21.7031517028809
Turkey,2019,20.784366607666
Turkey,2020,18.4146289825439
Turkey,2021,19.7866802215576
Turkey,2022,21.0437717437744
Turkey,2023,21.3893089294434
Tanzania,2001,31.544225692749
Tanzania,2006,34.2910575866699
Tanzania,2012,33.3752098083496
Tanzania,2014,34.1330833435059
Tanzania,2020,33.6967582702637
Ukraine,2016,22.1273040771484
Uganda,2010,21.0262851715088
Uganda,2011,22.6887283325195
Uganda,2012,25.6043529510498
Uganda,2014,22.5003204345703
Uganda,2017,25.3634605407715
Uganda,2019,24.4931907653809
USA,1900,27.6525287628174
USA,1901,28.2433624267578
USA,1902,28.7970161437988
USA,1903,29.0363864898682
USA,1904,28.0325622558594
USA,1905,28.7609024047852
USA,1906,29.2515773773193
USA,1907,29.3125667572022
USA,1908,27.5135765075684
USA,1909,28.3837509155273
USA,1910,28.5031585693359
USA,1911,28.627758026123
USA,1912,29.1100978851318
USA,1913,28.8104572296143
USA,1914,27.8255672454834
USA,1915,27.2640419006348
USA,1916,28.8397731781006
USA,1917,29.4920597076416
USA,1918,30.5663375854492
USA,1919,28.4297504425049
USA,1920,27.8194484710693
USA,1921,24.6385860443115
USA,1922,26.0135765075684
USA,1923,27.4809379577637
USA,1924,26.3216247558594
USA,1925,26.8029956817627
USA,1926,27.2618274688721
USA,1927,26.687707901001
USA,1928,26.495454788208
USA,1929,26.6024284362793
USA,1930,24.4792594909668
USA,1931,22.3032302856445
USA,1932,19.6514072418213
USA,1933,19.4798812866211
USA,1934,19.2697696685791
USA,1935,20.1022319793701
USA,1936,21.7280082702637
USA,1937,22.4351291656494
USA,1938,20.6666507720947
USA,1939,21.383373260498
USA,1940,21.9909057617188
USA,1941,23.8368453979492
USA,1942,26.1829719543457
USA,1943,29.1831035614014
USA,1944,29.478443145752
USA,1945,27.3338489532471
USA,1946,23.717679977417
USA,1947,23.2369403839111
USA,1948,23.1885318756104
USA,1949,22.2330169677734
USA,1950,22.2940826416016
USA,1951,23.4219989776611
USA,1952,23.576192855835
USA,1953,23.4202823638916
USA,1954,22.3061237335205
USA,1955,22.7207317352295
USA,1956,22.7564163208008
USA,1957,22.2107639312744
USA,1958,21.1830081939697
USA,1959,21.3082275390625
USA,1960,21.4421653747559
USA,1962,21.0422954559326
USA,1963,21.0231037139893
USA,1964,21.1242828369141
USA,1965,21.3672904968262
USA,1966,21.6714000701904
USA,1967,21.5627212524414
USA,1968,21.5759830474854
USA,1969,21.7338695526123
USA,1970,21.4483642578125
USA,1971,20.7081546783447
USA,1972,20.9896469116211
USA,1973,21.3067932128906
USA,1974,21.2196826934814
USA,1975,19.9992141723633
USA,1976,20.3559036254883
USA,1977,20.8855419158936
USA,1978,21.543643951416
USA,1979,22.0159549713135
USA,1980,21.7028656005859
USA,1981,21.6384944915772
USA,1982,20.9794330596924
USA,1983,20.5820922851563
USA,1984,21.6646385192871
USA,1985,22.3212032318115
USA,1986,22.3866004943848
USA,1987,22.7568340301514
USA,1988,23.2035808563232
USA,1989,23.5983734130859
USA,1990,23.6943416595459
USA,1991,23.0506687164307
USA,1992,23.0049209594727
USA,1993,22.9955615997314
USA,1994,23.1577243804932
USA,1995,23.5462532043457
USA,1996,23.6151866912842
USA,1997,24.0326900482178
USA,1998,24.2003002166748
USA,1999,24.3623867034912
USA,2000,24.6880798339844
USA,2001,24.232385635376
USA,2002,23.5683536529541
USA,2003,23.3901786804199
USA,2004,23.2969913482666
USA,2005,23.3591194152832
USA,2006,23.4564208984375
USA,2007,23.7650985717773
USA,2008,23.4856147766113
USA,2009,21.9345664978027
USA,2010,21.4299907684326
USA,2011,21.4838638305664
USA,2012,21.6157207489014
USA,2013,21.7438926696777
USA,2014,21.8544788360596
USA,2015,22.1630268096924
USA,2016,22.3986320495606
USA,2017,22.3701019287109
USA,2018,22.5739631652832
USA,2019,22.7563400268555
USA,2020,22.0365295410156
USA,2021,21.704568862915
USA,2022,22.5622100830078
USA,2023,22.4136772155762
Uruguay,1990,22.8660831451416
Uruguay,1992,21.9464626312256
Uruguay,1995,21.633768081665
Uruguay,1996,20.6731281280518
Uruguay,1997,20.8001842498779
Uruguay,1998,23.2740573883057
Uruguay,1999,22.1231575012207
Uruguay,2000,21.5458278656006
Uruguay,2001,22.3446598052979
Uruguay,2002,20.8845920562744
Uruguay,2003,20.2915782928467
Uruguay,2004,21.6681213378906
Uruguay,2005,21.7770195007324
Uruguay,2006,23.2708911895752
Uruguay,2007,24.1327648162842
Uruguay,2008,24.4389152526855
Uruguay,2009,24.8501129150391
Uruguay,2010,24.7437362670898
Uruguay,2011,25.5454540252686
Uruguay,2012,24.9742546081543
Uruguay,2013,24.7104969024658
Uruguay,2014,25.0076942443848
Uruguay,2015,24.2268009185791
Uruguay,2016,23.6383609771729
Uruguay,2017,23.1799907684326
Uruguay,2018,22.7435665130615
Uruguay,2019,22.2109622955322
Uruguay,2020,18.2896728515625
Uruguay,2021,20.2488803863525
Uruguay,2022,20.843412399292
Uruguay,2023,20.2322635650635
Uzbekistan,2000,16.1097660064697
Uzbekistan,2002,15.564600944519
Uzbekistan,2003,15.9280824661255
Uzbekistan,2016,14.7624082565308
Venezuela,1971,18.5092964172363
Venezuela,1981,20.2724876403809
Venezuela,1989,21.3498764038086
Venezuela,1992,22.9694480895996
Venezuela,1995,23.0633773803711
Venezuela,1998,23.9043960571289
Venezuela,2000,22.6004295349121
Venezuela,2001,23.2642307281494
Venezuela,2002,22.2801704406738
Venezuela,2003,21.9126358032227
Venezuela,2004,23.5879535675049
Venezuela,2005,23.730396270752
Venezuela,2006,24.3339920043945
Venezuela,2007,24.1820983886719
Venezuela,2008,24.2947387695313
Venezuela,2009,24.1493968963623
Venezuela,2010,24.1085472106934
Venezuela,2011,23.7840042114258
Venezuela,2012,23.523904800415
Venezuela,2016,22.5065517425537
Venezuela,2017,24.3692436218262
Vietnam,2007,34.3201065063477
Vietnam,2009,35.0383453369141
Vietnam,2010,33.8681526184082
Vietnam,2011,34.4143028259277
Vietnam,2012,34.0607948303223
Vietnam,2013,33.6825256347656
Vietnam,2014,33.0775985717773
Vietnam,2015,32.7563591003418
Vietnam,2016,32.7473411560059
Vietnam,2017,31.6547069549561
Vietnam,2018,32.7695274353027
Vietnam,2019,31.0177841186523
Vietnam,2020,30.0945663452148
Vietnam,2021,26.3406143188477
Vietnam,2022,28.1134185791016
Vietnam,2023,30.2920074462891
Vanuatu,2006,17.7801666259766
Vanuatu,2010,17.4908828735352
Vanuatu,2019,16.1503105163574
Vanuatu,2020,10.1599397659302
Samoa,2012,13.0155439376831
Samoa,2017,20.9968414306641
Samoa,2022,16.6105556488037
Yemen,2014,12.882303237915
South Africa,1995,17.221284866333
South Africa,2000,16.6127948760986
South Africa,2001,16.4731845855713
South Africa,2002,15.4918155670166
South Africa,2003,15.0439624786377
South Africa,2004,15.2347145080566
South Africa,2005,16.1895885467529
South Africa,2006,15.9480104446411
South Africa,2007,16.415153503418
South Africa,2008,19.0473747253418
South Africa,2009,17.8680877685547
South Africa,2010,16.930419921875
South Africa,2011,17.051342010498
South Africa,2012,16.9287548065186
South Africa,2013,17.0520477294922
South Africa,2014,17.0225734710693
South Africa,2015,17.4537887573242
South Africa,2016,17.1516609191895
South Africa,2017,17.1035804748535
South Africa,2018,17.0028667449951
South Africa,2019,16.7886829376221
South Africa,2020,14.2617816925049
South Africa,2021,14.2270021438599
South Africa,2022,15.0128574371338
South Africa,2023,15.6872930526733
Zambia,2012,28.7304153442383
Zimbabwe,2011,26.2549819946289
